ano_simples;ano;territorio;area_territorio;perimetro;razao_perimetro_area;numero_vizinhos;altitude_mediana;area_outros_ambientes;proporcao_cebolama;area_cebolama;densidade_cebolama;proporcao_samambaia;area_samambaia;densidade_samambaia;qualidade_samambaia;proporcao_capimserra;area_capimserra;densidade_capimserra;qualidade_capimserra;arboreas;aboreas_simplificado;foquilhas;Casal;femea;macho;idade_femea;idade_macho;mortalidade;filhotes_independentes;produtividade_anual;chuva_acumulada_simepar;chuva_forte_violenta_simepar;dias_chuva_simepar;mare_maxima;temperatura_media_simepar;temperatura_maxima_simepar;temperatura_minima_simepar;BQI
1;2006;acelerado;7302;427;0.05847;7;2.567;0;0.82299507;6009.51;normal;0.17700493;1292.49;boa;boa;0;0;ausente;ausenteouruim;parcialmente_samambaia;samambaia;cebolama;10;74;13;0.5;1;0;0;0;2340.6;38;202;2.5;20.61;28.01;14.45;-0.17
2;2007;acelerado;8105;377;0.04651;7;2.579;0;0.730229488;5918.51;normal;0.269770512;2186.49;boa;boa;0;0;ausente;ausenteouruim;parcialmente_samambaia;samambaia;cebolama;10;74;13;1.5;2;0;1;0.5;2925.8;57;201;2.5;21.19;29.13;13.25;0.33
3;2008;acelerado;7777;380;0.04886;4;2.567;0;0.718337405;5586.51;normal;0.281662595;2190.49;boa;boa;0;0;ausente;ausenteouruim;parcialmente_samambaia;samambaia;cebolama;10;74;13;2.5;3;0;0;0;2908;44;211;2.5;21.06;28.96;14.13;0
4;2009;acelerado;7784;385;0.04946;3;2.568;0;0.716021326;5573.51;normal;0.283978674;2210.49;boa;boa;0;0;ausente;ausenteouruim;parcialmente_samambaia;samambaia;cebolama;10;74;13;3.5;4;0;0;0;3298;57;229;2.5;21.606;30.02;14.41;-0.45
5;2010;acelerado;7728;385;0.04981;4;2.568;0;0.701023551;5417.51;normal;0.298976449;2310.49;boa;boa;0;0;ausente;ausenteouruim;parcialmente_samambaia;samambaia;cebolama;36;74;189;4.5;0.5;1;1;0.5;3460.8;67;222;2.4;20.909;29.56;13.85;0.38
6;2011;acelerado;7918;382;0.04824;4;2.568;0;0.719437989;5696.51;normal;0.280562011;2221.49;boa;boa;0;0;ausente;ausenteouruim;parcialmente_samambaia;samambaia;cebolama;45;74;193;5.5;0.5;0;1;0.5;2705;32;217;2.4;20.734;28.35;14.16;0.17
7;2012;acelerado;7487;362;0.04835;4;2.577;0;0.645158274;4830.3;normal;0.354841726;2656.7;boa;boa;0;0;ausente;ausenteouruim;parcialmente_samambaia;samambaia;cebolama;45;74;193;6.5;1.5;0;0;0;2387.3;36;209;2.5;21.004;28.571;13.868;-0.86
8;2013;acelerado;6385;362;0.05669;4;2.576;0;0.586499608;3744.8;normal;0.413500392;2640.2;boa;boa;0;0;ausente;ausenteouruim;parcialmente_samambaia;samambaia;cebolama;45;74;193;7.5;2.5;0;1;0.5;2035.6;22;205;2.5;21.013;28.93;13.11;0
9;2014;acelerado;7461;397;0.05321;2;2.585;0;0.649886074;4848.8;normal;0.350113926;2612.2;boa;boa;0;0;ausente;ausenteouruim;parcialmente_samambaia;samambaia;cebolama;65;305;193;1;3.5;1;1;0.5;2296.8;38;218;2.5;21.38;28.85;14.66;0.2
10;2015;acelerado;6656;370;0.05558;5;2.585;0;0.604711538;4024.96;normal;0.395288462;2631.04;boa;boa;0;0;ausente;ausenteouruim;parcialmente_samambaia;samambaia;cebolama;65;305;193;2;4.5;1;1;0.5;3531.8;68;246;2.5;21.427;31.34;14.93;0
11;2016;acelerado;6656;370;0.05558;5;2.585;0;0.604711538;4024.96;normal;0.395288462;2631.04;boa;boa;0;0;ausente;ausenteouruim;parcialmente_samambaia;samambaia;cebolama;71;340;193;1;5.5;0;1;0.5;1830;30;240;2.5;20.973;30.2;11.62;0.41
12;2017;acelerado;6429;370;0.05755;5;2.585;0;0.544377042;3499.8;normal;0.455622958;2929.2;boa;boa;0;0;ausente;ausenteouruim;parcialmente_samambaia;samambaia;cebolama;75;360;193;0.5;6.5;1;1;0.5;2471.8;40;223;2.5;21.215;28.14;14.4;0.44
13;2018;acelerado;5674;360;0.06344;6;2.6;0;0.550193867;3121.8;normal;0.449806133;2552.2;moderada;moderada;0;0;ausente;ausenteouruim;parcialmente_samambaia;samambaia;cebolama;75;360;193;1.5;7.5;0;0;0;2315.8;40;217;2.5;21.238;31.87;13.66;-0.58
14;2019;acelerado;5674;360;0.06344;6;2.6;0;0.550193867;3121.8;normal;0.449806133;2552.2;moderada;moderada;0;0;ausente;ausenteouruim;parcialmente_samambaia;samambaia;cebolama;75;360;193;2.5;8.5;0;2;1;3025;44;205;2.4;21.163;28.71;13.45;0.74
15;2020;acelerado;7046;361;0.05123;6;2.585;0;0.522097644;3678.7;normal;0.477902356;3367.3;moderada;moderada;0;0;ausente;ausenteouruim;parcialmente_samambaia;samambaia;cebolama;75;360;193;3.5;9.5;0;0;0;2274.2;38;204;2.4;21.097;29.04;13.75;0
16;2021;acelerado;6205;357;0.05753;5;2.593;0;0.549269944;3408.22;normal;0.450730056;2796.78;moderada;moderada;0;0;ausente;ausenteouruim;parcialmente_samambaia;samambaia;cebolama;75;360;193;4.5;10.5;0;0;0;2639.6;38;221;2.4;20.588;29.19;11.93;-0.64
17;2022;acelerado;5816;345;0.05931;5;2.593;0;0.549384457;3195.22;normal;0.450615543;2620.78;moderada;moderada;0;0;ausente;ausenteouruim;parcialmente_samambaia;samambaia;cebolama;75;360;193;5.5;11.5;0;2;1;2838.4;45;202;2.4;20.48;29.06;13.94;1.61
18;2023;acelerado;6194;334;0.05392;5;2.585;0;0.569163707;3525.4;normal;0.430836293;2668.6;moderada;moderada;0;0;ausente;ausenteouruim;integralmente_samambaia;samambaia;cebolama;110;411;412;1;1.5;1;0;0;3452.2;56;216;2.5;21.311;29.65;14.37;-0.23
4;2009;amarelinha;6281;368;0.05858;3;2.611;516.9;0.480942525;3020.8;moderada;0.436761662;2743.3;boa;boa;0;0;ausente;ausenteouruim;parcialmente_samambaia;samambaia;samambaia_cebolama;3C;96;95;3;3;0;0;0;3298;57;229;2.5;21.606;30.02;14.41;-0.45
5;2010;amarelinha;5484;328;0.05981;2;2.613;282.8;0.504358133;2765.9;moderada;0.444073669;2435.3;boa;boa;0;0;ausente;ausenteouruim;parcialmente_samambaia;samambaia;samambaia_cebolama;3C;96;95;4;4;0;0;0;3460.8;67;222;2.4;20.909;29.56;13.85;-0.62
6;2011;amarelinha;5936;367;0.06182;3;2.603;322.5;0.502526954;2983;densa;0.443143531;2630.5;boa;boa;0;0;ausente;ausenteouruim;parcialmente_samambaia;samambaia;samambaia_cebolama;23C;96;265;5;1;1;NA;NA;2705;32;217;2.4;20.734;28.35;14.16;NA
7;2012;amarelinha;5936;367;0.06182;3;2.603;374.5;0.44777628;2658;densa;0.489134097;2903.5;boa;boa;0;0;ausente;ausenteouruim;parcialmente_samambaia;samambaia;samambaia_cebolama;23C;96;265;6;2;0;0;0;2387.3;36;209;2.5;21.004;28.571;13.868;-0.86
8;2013;amarelinha;5936;367;0.06182;3;2.603;374.5;0.44777628;2658;densa;0.489134097;2903.5;boa;boa;0;0;ausente;ausenteouruim;parcialmente_samambaia;samambaia;samambaia_cebolama;23C;96;265;7;3;0;0;0;2035.6;22;205;2.5;21.013;28.93;13.11;-1
9;2014;amarelinha;6243;366;0.05862;3;2.611;413;0.462277751;2886;densa;0.471568156;2944;boa;boa;0;0;ausente;ausenteouruim;parcialmente_samambaia;samambaia;samambaia_cebolama;23C;96;265;8;4;0;0;0;2296.8;38;218;2.5;21.38;28.85;14.66;-0.8
10;2015;amarelinha;5644;335;0.05935;2;2.603;283;0.428242381;2417;moderada;0.521615875;2944;boa;boa;0;0;ausente;ausenteouruim;parcialmente_samambaia;samambaia;samambaia_cebolama;23C;96;265;9;5;0;0;0;3531.8;68;246;2.5;21.427;31.34;14.93;-1
11;2016;amarelinha;6074;373;0.0614;3;2.62;589;0.396937768;2411;moderada;0.506091538;3074;boa;boa;0;0;ausente;ausenteouruim;parcialmente_samambaia;samambaia;samambaia_cebolama;23C;96;265;10;6;0;0;0;1830;30;240;2.5;20.973;30.2;11.62;-0.59
12;2017;amarelinha;6216;378;0.06081;3;2.62;612;0.397844273;2473;moderada;0.503700129;3131;boa;boa;0;0;ausente;ausenteouruim;parcialmente_samambaia;samambaia;samambaia_cebolama;23C;96;265;11;7;0;NA;NA;2471.8;40;223;2.5;21.215;28.14;14.4;NA
13;2018;amarelinha;6216;378;0.06081;3;2.62;612;0.397844273;2473;normal;0.503700129;3131;boa;boa;0;0;ausente;ausenteouruim;parcialmente_samambaia;samambaia;samambaia_cebolama;23C;96;265;12;88;0;0;0;2315.8;40;217;2.5;21.238;31.87;13.66;-0.58
14;2019;amarelinha;5758;337;0.05852;1;2.603;324.3;0.413806877;2382.7;normal;0.529871483;3051;boa;boa;0;0;ausente;ausenteouruim;parcialmente_samambaia;samambaia;samambaia_cebolama;86C;393;394;0.5;1;2;0;0;3025;44;205;2.4;21.163;28.71;13.45;-1.26
15;2020;amarelinha;6076;406;0.06682;2;2.62;489.2;0.41323239;2510.8;normal;0.506254115;3076;boa;boa;0;0;ausente;ausenteouruim;parcialmente_samambaia;samambaia;samambaia_cebolama;86C;393;394;1.5;2;0;0;0;2274.2;38;204;2.4;21.097;29.04;13.75;0
16;2021;amarelinha;5993;394;0.06574;3;2.636;807;0.45886868;2750;normal;0.40647422;2436;boa;boa;0;0;ausente;ausenteouruim;parcialmente_samambaia;samambaia;samambaia_cebolama;86C;393;394;2.5;3;0;0;0;2639.6;38;221;2.4;20.588;29.19;11.93;-0.64
17;2022;amarelinha;5993;394;0.06574;2;2.636;807;0.45886868;2750;normal;0.40647422;2436;boa;boa;0;0;ausente;ausenteouruim;parcialmente_samambaia;samambaia;samambaia_cebolama;86C;393;394;3.5;4;0;0;0;2838.4;45;202;2.4;20.48;29.06;13.94;-0.39
18;2023;amarelinha;5993;394;0.06574;2;2.636;807;0.45886868;2750;normal;0.40647422;2436;boa;boa;0;0;ausente;ausenteouruim;parcialmente_samambaia;samambaia;samambaia_cebolama;86C;393;394;4.5;5;0;0;0;3452.2;56;216;2.5;21.311;29.65;14.37;-0.23
4;2009;asinha;4997;346;0.06924;3;2.49;350;0.499619772;2496.6;moderada;0.050110066;250.4;ruim;ausenteouruim;0.380228137;1900;denso;denso;integralmente_samambaia_parcialmente_capimserra;ambos;ausente;10C;94;171;3;1;0;0;0;3298;57;229;2.5;21.606;30.02;14.41;-0.45
5;2010;asinha;9138;474;0.05187;2;2.554;753;0.583202014;5329.3;moderada;0.126471876;1155.7;ruim;ausenteouruim;0.207922959;1900;denso;denso;integralmente_samambaia_parcialmente_capimserra;ambos;cebolama;10C;94;171;4;2;0;0;0;3460.8;67;222;2.4;20.909;29.56;13.85;-0.62
6;2011;asinha;6639;369;0.05558;3;2.481;1202;0.484666365;3217.7;densa;0.046588342;309.3;ruim;ausenteouruim;0.28769393;1910;denso;denso;integralmente_samambaia_parcialmente_capimserra;ambos;cebolama;10C;94;171;5;3;0;NA;NA;2705;32;217;2.4;20.734;28.35;14.16;NA
7;2012;asinha;6823;370;0.05422;3;2.481;1294;0.450637549;3074.7;densa;0.045918218;313.3;ruim;ausenteouruim;0.313791587;2141;denso;denso;integralmente_samambaia_parcialmente_capimserra;ambos;cebolama;30C;267;264;1;0.5;2;0;0;2387.3;36;209;2.5;21.004;28.571;13.868;-0.86
8;2013;asinha;6571;373;0.05676;3;2.482;1294;0.42956932;2822.7;densa;0.047679196;313.3;ruim;ausenteouruim;0.325825597;2141;denso;denso;integralmente_samambaia_parcialmente_capimserra;ambos;cebolama;30C;267;264;2;1.5;1;2;1;2035.6;22;205;2.5;21.013;28.93;13.11;1
9;2014;asinha;6860;369;0.05379;3;2.48;1294;0.43771137;3002.7;densa;0.054125364;371.3;ruim;ausenteouruim;0.319533528;2192;denso;denso;integralmente_samambaia_parcialmente_capimserra;ambos;cebolama;34C;267;302;3;1.5;0;2;1;2296.8;38;218;2.5;21.38;28.85;14.66;1.2
10;2015;asinha;6860;369;0.05379;3;2.48;1294;0.43771137;3002.7;moderada;0.054125364;371.3;ruim;ausenteouruim;0.319533528;2192;denso;denso;integralmente_samambaia_parcialmente_capimserra;ambos;cebolama;34C;267;302;4;2.5;0;2;1;3531.8;68;246;2.5;21.427;31.34;14.93;1
11;2016;asinha;6327;355;0.0561;3;2.482;1125;0.381839734;2415.9;moderada;0.091212265;577.1;ruim;ausenteouruim;0.349138612;2209;denso;denso;integralmente_samambaia_parcialmente_capimserra;ambos;cebolama;34C;267;302;5;3.5;0;1;0.5;1830;30;240;2.5;20.973;30.2;11.62;0.41
12;2017;asinha;6327;355;0.0561;3;2.482;1004;0.390690691;2471.9;moderada;0.101485696;642.1;ruim;ausenteouruim;0.349138612;2209;denso;denso;integralmente_samambaia_parcialmente_capimserra;ambos;cebolama;34C;267;302;6;4.5;0;NA;NA;2471.8;40;223;2.5;21.215;28.14;14.4;NA
13;2018;asinha;6327;355;0.0561;3;2.482;1004;0.390690691;2471.9;normal;0.101485696;642.1;ruim;ausenteouruim;0.349138612;2209;denso;denso;integralmente_samambaia_parcialmente_capimserra;ambos;cebolama;34C;267;302;7;5.5;0;0;0;2315.8;40;217;2.5;21.238;31.87;13.66;-0.58
14;2019;asinha;6860;369;0.05379;3;2.48;1167;0.445772595;3058;normal;0.063848397;438;ruim;ausenteouruim;0.320262391;2197;denso;denso;integralmente_samambaia_parcialmente_capimserra;ambos;cebolama;34C;267;302;8;6.5;0;0;0;3025;44;205;2.4;21.163;28.71;13.45;-1.26
15;2020;asinha;6083;321;0.05277;1;2.486;920;0.31283906;1903;normal;0.166200888;1011;ruim;ausenteouruim;0.369718889;2249;denso;denso;integralmente_samambaia_parcialmente_capimserra;ambos;ausente;66C;388;387;0.5;0.5;2;0;0;2274.2;38;204;2.4;21.097;29.04;13.75;0
16;2021;asinha;5945;336;0.05651;2;2.48;1201;0.262405383;1560;normal;0.117577796;699;ruim;ausenteouruim;0.417998318;2485;denso;denso;integralmente_samambaia_parcialmente_capimserra;ambos;ausente;67C;328;387;7.5;1.5;1;3;1.5;2639.6;38;221;2.4;20.588;29.19;11.93;2.36
17;2022;asinha;5945;336;0.05651;2;2.48;1201;0.262405383;1560;normal;0.117577796;699;ruim;ausenteouruim;0.417998318;2485;denso;denso;integralmente_samambaia_parcialmente_capimserra;ambos;ausente;93C;399;387;0.5;2.5;1;0;0;2838.4;45;202;2.4;20.48;29.06;13.94;-0.39
18;2023;asinha;6097;319;0.05232;2;2.483;1201;0.265950467;1621.5;normal;0.129489913;789.5;ruim;ausenteouruim;0.407577497;2485;denso;denso;integralmente_samambaia_parcialmente_capimserra;ambos;ausente;93C;399;387;1.5;3.5;0;2;1;3452.2;56;216;2.5;21.311;29.65;14.37;1.77
1;2006;azulzinho;4403;266;0.06041;3;2.577;162;0.334101749;1471.05;normal;0.15102203;664.95;ruim;ausenteouruim;0.478083125;2105;denso;denso;ausente;ausente;ausente;7;16;44;1.5;1;0;0;0;2340.6;38;202;2.5;20.61;28.01;14.45;-0.17
2;2007;azulzinho;5992;344;0.0574;3;2.545;272;0.47774032;2862.62;normal;0.115550734;692.38;ruim;ausenteouruim;0.361315087;2165;denso;denso;ausente;ausente;ausente;7;16;44;2.5;2;0;2;1;2925.8;57;201;2.5;21.19;29.13;13.25;1.33
3;2008;azulzinho;7069;737;0.10425;3;2.552;204;0.536372896;3791.62;normal;0.12850191;908.38;ruim;ausenteouruim;0.306266799;2165;denso;denso;ausente;ausente;ausente;7;16;44;3.5;3;0;0;0;2908;44;211;2.5;21.06;28.96;14.13;0
4;2009;azulzinho;7270;398;0.05474;2;2.545;219;0.531034388;3860.62;moderada;0.141042641;1025.38;ruim;ausenteouruim;0.297799175;2165;denso;denso;parcialmente_samambaia;samambaia;ausente;7;16;44;4.5;4;0;2;1;3298;57;229;2.5;21.606;30.02;14.41;1.55
5;2010;azulzinho;6934;384;0.05537;2;2.545;200;0.520246611;3607.39;moderada;0.138680415;961.61;ruim;ausenteouruim;0.312229593;2165;denso;denso;parcialmente_samambaia;samambaia;ausente;33;177;44;1;5;1;0;0;3460.8;67;222;2.4;20.909;29.56;13.85;-0.62
6;2011;azulzinho;7221;397;0.05497;2;2.552;225;0.529098463;3820.62;densa;0.139922448;1010.38;ruim;ausenteouruim;0.29981997;2165;denso;denso;parcialmente_samambaia;samambaia;ausente;38;177;138;2;3;1;1;0.5;2705;32;217;2.4;20.734;28.35;14.16;0.17
7;2012;azulzinho;7057;399;0.05653;3;2.552;370;0.499733598;3526.62;densa;0.144024373;1016.38;ruim;ausenteouruim;0.303811818;2144;denso;denso;parcialmente_samambaia;samambaia;ausente;38;177;138;3;4;0;4;2;2387.3;36;209;2.5;21.004;28.571;13.868;3.14
8;2013;azulzinho;7257;384;0.05291;3;2.552;370;0.513520739;3726.62;densa;0.140055119;1016.38;ruim;ausenteouruim;0.295438887;2144;denso;denso;parcialmente_samambaia;samambaia;ausente;38;177;138;4;5;0;2;1;2035.6;22;205;2.5;21.013;28.93;13.11;1
9;2014;azulzinho;6947;382;0.05498;3;2.553;370;0.508236649;3530.72;densa;0.129880524;902.28;ruim;ausenteouruim;0.308622427;2144;denso;denso;parcialmente_samambaia;samambaia;ausente;38;177;138;5;6;0;1;0.5;2296.8;38;218;2.5;21.38;28.85;14.66;0.2
10;2015;azulzinho;6299;334;0.05302;4;2.552;343;0.484651532;3052.82;moderada;0.120523893;759.18;ruim;ausenteouruim;0.340371488;2144;denso;denso;parcialmente_samambaia;samambaia;ausente;38;177;138;6;7;0;3;1.5;3531.8;68;246;2.5;21.427;31.34;14.93;2
11;2016;azulzinho;6299;334;0.05302;4;2.552;343;0.484651532;3052.82;moderada;0.120523893;759.18;ruim;ausenteouruim;0.340371488;2144;denso;denso;parcialmente_samambaia;samambaia;ausente;NA;NA;NA;NA;NA;0;1;0.5;1830;30;240;2.5;20.973;30.2;11.62;0.41
12;2017;azulzinho;5903;315;0.05336;4;2.554;145.5;0.445285448;2628.52;moderada;0.125187193;738.98;ruim;ausenteouruim;0.404878875;2390;denso;denso;ausente;ausente;capimserra;NA;NA;NA;NA;NA;1;0;0;2471.8;40;223;2.5;21.215;28.14;14.4;-0.56
13;2018;azulzinho;5903;315;0.05336;4;2.554;145.5;0.445285448;2628.52;normal;0.125187193;738.98;ruim;ausenteouruim;0.404878875;2390;denso;denso;ausente;ausente;capimserra;88;357;356;2.5;1.5;1;0;0;2315.8;40;217;2.5;21.238;31.87;13.66;-0.58
14;2019;azulzinho;5903;315;0.05336;4;2.554;145.5;0.445285448;2628.52;normal;0.125187193;738.98;ruim;ausenteouruim;0.404878875;2390;denso;denso;ausente;ausente;capimserra;100;357;375;3.5;0.5;0;3;1.5;3025;44;205;2.4;21.163;28.71;13.45;1.74
15;2020;azulzinho;5471;301;0.05501;4;2.554;105;0.422485834;2311.42;normal;0.121473222;664.58;ruim;ausenteouruim;0.436848839;2390;denso;denso;ausente;ausente;capimserra;100;357;375;4.5;1.5;0;0;0;2274.2;38;204;2.4;21.097;29.04;13.75;0
16;2021;azulzinho;5442;303;0.05567;4;2.553;98.2;0.446628078;2430.55;normal;0.080935318;440.45;ruim;ausenteouruim;0.454391768;2472.8;denso;denso;ausente;ausente;capimserra;100;357;375;5.5;2.5;1;1;0.5;2639.6;38;221;2.4;20.588;29.19;11.93;0.36
17;2022;azulzinho;5297;295;0.05569;4;2.554;67.1;0.439239192;2326.65;normal;0.08315084;440.45;ruim;ausenteouruim;0.46494242;2462.8;denso;denso;ausente;ausente;capimserra;101;357;Fi55;6.5;12;0;0;0;2838.4;45;202;2.4;20.48;29.06;13.94;-0.39
18;2023;azulzinho;5640;306;0.05425;4;2.553;67.1;0.473342199;2669.65;normal;0.078093972;440.45;ruim;ausenteouruim;0.436666667;2462.8;denso;denso;ausente;ausente;capimserra;101;357;Fi55;7.5;13;0;0;0;3452.2;56;216;2.5;21.311;29.65;14.37;-0.23
4;2009;barbantinho;10073;487;0.04834;3;2.496;2205;0.749382508;7548.53;moderada;0.031192296;314.2;moderada;moderada;0.000523181;5.27;pouco denso;ausenteouruim;parcialmente_samambaia;samambaia;ausente;11C;170;119;0.5;2;0;0;0;3298;57;229;2.5;21.606;30.02;14.41;-0.45
5;2010;barbantinho;7351;431;0.05863;2;2.492;1820;0.708955244;5211.53;moderada;0.042742484;314.2;moderada;moderada;0.000716909;5.27;pouco denso;ausenteouruim;parcialmente_samambaia;samambaia;ausente;11C;170;119;1.5;3;1;0;0;3460.8;67;222;2.4;20.909;29.56;13.85;-0.62
6;2011;barbantinho;6867;384;0.05591;3;2.514;1595;0.721207223;4952.53;densa;0.04575506;314.2;moderada;moderada;0.000767438;5.27;pouco denso;ausenteouruim;parcialmente_samambaia;samambaia;ausente;27C;Fi56;119;1;4;1;NA;NA;2705;32;217;2.4;20.734;28.35;14.16;NA
7;2012;barbantinho;6378;377;0.0591;3;2.516;2435;0.56099561;3578.03;densa;0.05639699;359.7;moderada;moderada;0.000826278;5.27;pouco denso;ausenteouruim;parcialmente_samambaia;samambaia;ausente;28C;243;119;1;5;1;0;0;2387.3;36;209;2.5;21.004;28.571;13.868;-0.86
8;2013;barbantinho;6378;377;0.0591;3;2.516;2435;0.56099561;3578.03;densa;0.05639699;359.7;moderada;moderada;0.000826278;5.27;pouco denso;ausenteouruim;parcialmente_samambaia;samambaia;ausente;28C;243;119;2;6;0;2;1;2035.6;22;205;2.5;21.013;28.93;13.11;1
9;2014;barbantinho;6971;379;0.05436;3;2.516;2489;0.590593889;4117.03;densa;0.051599484;359.7;moderada;moderada;0.000755989;5.27;pouco denso;ausenteouruim;parcialmente_samambaia;samambaia;ausente;28C;243;119;3;7;0;2;1;2296.8;38;218;2.5;21.38;28.85;14.66;1.2
10;2015;barbantinho;7085;378;0.05335;3;2.516;2374;0.613412844;4346.03;moderada;0.050769231;359.7;moderada;moderada;0.000743825;5.27;pouco denso;ausenteouruim;parcialmente_samambaia;samambaia;ausente;44C;243;346;4;1;1;2;1;3531.8;68;246;2.5;21.427;31.34;14.93;1
11;2016;barbantinho;6111;393;0.06431;3;2.53;2057;0.60367043;3689.03;moderada;0.05886107;359.7;moderada;moderada;0.000862379;5.27;pouco denso;ausenteouruim;parcialmente_samambaia;samambaia;ausente;44C;243;346;5;2;0;2;1;1830;30;240;2.5;20.973;30.2;11.62;1.41
12;2017;barbantinho;6059;394;0.06502;3;2.53;1574;0.66996204;4059.3;moderada;0.066892226;405.3;moderada;moderada;0.003366892;20.4;pouco denso;ausenteouruim;parcialmente_samambaia;samambaia;ausente;44C;243;346;6;3;0;NA;NA;2471.8;40;223;2.5;21.215;28.14;14.4;NA
13;2018;barbantinho;6059;394;0.06502;3;2.53;1574;0.66996204;4059.3;normal;0.066892226;405.3;ruim;ausenteouruim;0.003366892;20.4;pouco denso;ausenteouruim;parcialmente_samambaia;samambaia;ausente;44C;243;346;7;4;0;2;1;2315.8;40;217;2.5;21.238;31.87;13.66;1.42
14;2019;barbantinho;5465;315;0.05763;2;2.536;1284;0.668783166;3654.9;normal;0.074162855;405.3;ruim;ausenteouruim;0.0221043;120.8;pouco denso;ausenteouruim;parcialmente_samambaia;samambaia;ausente;44C;243;346;8;5;0;2;1;3025;44;205;2.4;21.163;28.71;13.45;0.74
15;2020;barbantinho;4697;275;0.05854;2;2.514;1191;0.68696402;3226.67;normal;0.033751331;158.53;ruim;ausenteouruim;0.025718544;120.8;pouco denso;ausenteouruim;integralmente_samambaia;samambaia;ausente;NA;243;NA;9;NA;1;0;0;2274.2;38;204;2.4;21.097;29.04;13.75;0
16;2021;barbantinho;6237;351;0.05627;2;2.498;878;0.794920635;4957.92;normal;0.00957191;59.7;ruim;ausenteouruim;0.054734648;341.38;pouco denso;ausenteouruim;integralmente_samambaia;samambaia;ausente;53C;382;378;2;2;1;0;0;2639.6;38;221;2.4;20.588;29.19;11.93;-0.64
17;2022;barbantinho;6642;368;0.0554;2;2.514;878;0.771743451;5125.92;normal;0.008988257;59.7;ruim;ausenteouruim;0.087079193;578.38;pouco denso;ausenteouruim;integralmente_samambaia_parcialmente_capimserra;ambos;ausente;53C;382;378;3;3;0;0;0;2838.4;45;202;2.4;20.48;29.06;13.94;-0.39
18;2023;barbantinho;6642;368;0.0554;2;2.514;878;0.771743451;5125.92;normal;0.008988257;59.7;ruim;ausenteouruim;0.087079193;578.38;pouco denso;ausenteouruim;integralmente_samambaia_parcialmente_capimserra;ambos;ausente;53C;382;378;4;4;0;0;0;3452.2;56;216;2.5;21.311;29.65;14.37;-0.23
4;2009;beringela;5748;354;0.06158;2;2.655;513.5;0.592901879;3408;normal;0.3177627;1826.5;boa;boa;0;0;ausente;ausenteouruim;integralmente_samambaia;samambaia;cebolama;9C;167;Fi17;1;1.8;1;0;0;3298;57;229;2.5;21.606;30.02;14.41;-0.45
7;2012;beringela;5204;333;0.06398;3;2.653;989.96;0.528620292;2750.94;densa;0.281149116;1463.1;boa;boa;0;0;ausente;ausenteouruim;integralmente_samambaia;samambaia;cebolama;10C;94;171;6;4;0;2;1;2387.3;36;209;2.5;21.004;28.571;13.868;1.14
8;2013;beringela;5631;346;0.06144;3;2.653;1265.3;0.538021666;3029.6;densa;0.237275795;1336.1;boa;boa;0;0;ausente;ausenteouruim;integralmente_samambaia;samambaia;cebolama;31C;94;302;7;0.5;1;0;0;2035.6;22;205;2.5;21.013;28.93;13.11;-1
9;2014;beringela;5307;333;0.06274;3;2.653;987.66;0.536883362;2849.24;densa;0.277011494;1470.1;boa;boa;0;0;ausente;ausenteouruim;integralmente_samambaia;samambaia;cebolama;35C;328;320;0.5;1.5;1;0;0;2296.8;38;218;2.5;21.38;28.85;14.66;-0.8
10;2015;beringela;4929;308;0.06248;2;2.653;1039.66;0.532002435;2622.24;moderada;0.2570704;1267.1;boa;boa;0;0;ausente;ausenteouruim;integralmente_samambaia;samambaia;cebolama;40C;349;348;0.5;1;1;2;1;3531.8;68;246;2.5;21.427;31.34;14.93;1
11;2016;beringela;5632;376;0.06676;3;2.653;1346;0.536026278;3018.9;moderada;0.224982244;1267.1;boa;boa;0;0;ausente;ausenteouruim;integralmente_samambaia;samambaia;cebolama;40C;349;348;1.5;2;0;0;0;1830;30;240;2.5;20.973;30.2;11.62;-0.59
12;2017;beringela;5599;378;0.06751;3;2.653;1384;0.517610288;2898.1;moderada;0.235202715;1316.9;boa;boa;0;0;ausente;ausenteouruim;integralmente_samambaia;samambaia;cebolama;40C;349;348;2.5;3;0;NA;NA;2471.8;40;223;2.5;21.215;28.14;14.4;NA
13;2018;beringela;5940;412;0.06936;3;2.653;1727;0.487558923;2896.1;normal;0.221700337;1316.9;moderada;moderada;0;0;ausente;ausenteouruim;integralmente_samambaia;samambaia;cebolama;40C;349;348;3.5;4;0;0;0;2315.8;40;217;2.5;21.238;31.87;13.66;-0.58
14;2019;beringela;5422;384;0.07082;2;2.68;1490.7;0.482183696;2614.4;normal;0.242880856;1316.9;moderada;moderada;0;0;ausente;ausenteouruim;integralmente_samambaia;samambaia;cebolama;40C;349;348;4.5;5;0;3;1.5;3025;44;205;2.4;21.163;28.71;13.45;1.74
15;2020;beringela;4716;384;0.08142;2;2.68;1363.2;0.517938931;2442.6;normal;0.193002545;910.2;moderada;moderada;0;0;ausente;ausenteouruim;integralmente_samambaia;samambaia;cebolama;54C;386;385;0.5;0.5;2;0;0;2274.2;38;204;2.4;21.097;29.04;13.75;0
16;2021;beringela;4662;402;0.08622;2;2.666;1778;0.471728872;2199.2;normal;0.146889747;684.8;moderada;moderada;0;0;ausente;ausenteouruim;integralmente_samambaia;samambaia;cebolama;54C;386;385;1.5;1.5;0;1;0.5;2639.6;38;221;2.4;20.588;29.19;11.93;0.36
17;2022;beringela;4662;402;0.08622;3;2.666;1778;0.471728872;2199.2;normal;0.146889747;684.8;moderada;moderada;0;0;ausente;ausenteouruim;integralmente_samambaia;samambaia;cebolama;54C;386;385;2.5;2.5;0;2;1;2838.4;45;202;2.4;20.48;29.06;13.94;1.61
18;2023;beringela;5149;394;0.07651;3;2.653;1778;0.484482424;2494.6;normal;0.170207807;876.4;moderada;moderada;0;0;ausente;ausenteouruim;integralmente_samambaia;samambaia;cebolama;54C;386;385;3.5;3.5;0;0;0;3452.2;56;216;2.5;21.311;29.65;14.37;-0.23
8;2013;boquinha;5728;322;0.05621;2;2.236;4366;0.23777933;1362;densa;0;0;ausente;ausenteouruim;0;0;ausente;ausenteouruim;ausente;ausente;ausente;43;Fi59;197;3;2.5;0;0;0;2035.6;22;205;2.5;21.013;28.93;13.11;-1
9;2014;boquinha;5358;363;0.06774;3;2.301;4144;0.194475551;1042;densa;0;0;ausente;ausenteouruim;0.03210153;172;ausente;ausenteouruim;integralmente_capimserra;capimserra;ausente;62;317;197;0.5;3.5;1;2;1;2296.8;38;218;2.5;21.38;28.85;14.66;1.2
10;2015;boquinha;5814;340;0.05847;3;2.306;4127;0.282008944;1639.6;moderada;0;0;ausente;ausenteouruim;0.008152735;47.4;ausente;ausenteouruim;ausente;ausente;ausente;70;317;318;1.5;1;1;0;0;3531.8;68;246;2.5;21.427;31.34;14.93;-1
11;2016;boquinha;5814;340;0.05847;3;2.306;4127;0.282008944;1639.6;moderada;0;0;ausente;ausenteouruim;0.008152735;47.4;ausente;ausenteouruim;ausente;ausente;ausente;70;317;318;2.5;2;0;0;0;1830;30;240;2.5;20.973;30.2;11.62;-0.59
12;2017;boquinha;6060;344;0.05676;3;2.28;4382;0.220561056;1336.6;moderada;0.048514851;294;ruim;ausenteouruim;0.007821782;47.4;ausente;ausenteouruim;integralmente_samambaia;samambaia;ausente;70;317;318;3.5;3;0;0;0;2471.8;40;223;2.5;21.215;28.14;14.4;-0.56
13;2018;boquinha;4723;298;0.06309;4;2.297;3213;0.22845649;1079;normal;0.066271438;313;ruim;ausenteouruim;0.02498412;118;ausente;ausenteouruim;integralmente_ambos;ambos;ausente;70;317;318;4.5;4;0;2;1;2315.8;40;217;2.5;21.238;31.87;13.66;1.42
14;2019;boquinha;4723;298;0.06309;4;2.297;3213;0.25344061;1197;normal;0.066271438;313;ruim;ausenteouruim;0;0;ausente;ausenteouruim;integralmente_ambos;ambos;ausente;70;317;318;5.5;5;0;2;1;3025;44;205;2.4;21.163;28.71;13.45;0.74
15;2020;boquinha;6317;317;0.05018;3;2.28;4763;0.209387367;1322.7;normal;0.005429793;34.3;ruim;ausenteouruim;0.031185689;197;ausente;ausenteouruim;integralmente_ambos;ambos;ausente;70;317;318;6.5;6;1;0;0;2274.2;38;204;2.4;21.097;29.04;13.75;0
1;2006;capimserra;6149;338;0.05496;3;2.481;1004;0.542868759;3338.1;normal;0.060936738;374.7;ruim;ausenteouruim;0.232915921;1432.2;denso;denso;parcialmente_samambaia;samambaia;ausente;14;21;9;1.5;1.5;0;0;0;2340.6;38;202;2.5;20.61;28.01;14.45;-0.17
2;2007;capimserra;9546;391;0.04095;3;2.395;3716;0.439356799;4194.1;normal;0.021338781;203.7;ruim;ausenteouruim;0.150031427;1432.2;denso;denso;parcialmente_samambaia;samambaia;ausente;14;21;9;2.5;2.5;0;0;0;2925.8;57;201;2.5;21.19;29.13;13.25;-0.67
3;2008;capimserra;4962;296;0.05965;2;2.481;615;0.508484482;2523.1;normal;0.078939944;391.7;ruim;ausenteouruim;0.288633615;1432.2;denso;denso;parcialmente_samambaia;samambaia;ausente;14;21;9;3.5;3.5;0;0;0;2908;44;211;2.5;21.06;28.96;14.13;0
4;2009;capimserra;6057;308;0.05085;2;2.481;1205;0.499933961;3028.1;normal;0.064668978;391.7;ruim;ausenteouruim;0.23645369;1432.2;denso;denso;parcialmente_samambaia;samambaia;ausente;14;21;9;4.5;4.5;1;3;1.5;3298;57;229;2.5;21.606;30.02;14.41;2.55
5;2010;capimserra;6223;335;0.05383;2;2.469;1359;0.488526434;3040.1;normal;0.062943918;391.7;ruim;ausenteouruim;0.230146232;1432.2;denso;denso;parcialmente_samambaia;samambaia;ausente;31;21;137;5.5;2;0;0;0;3460.8;67;222;2.4;20.909;29.56;13.85;-0.62
6;2011;capimserra;6035;308;0.05103;3;2.482;1209;0.497448219;3002.1;densa;0.064904722;391.7;ruim;ausenteouruim;0.237315659;1432.2;denso;denso;parcialmente_samambaia;samambaia;ausente;31;21;137;6.5;3;0;0;0;2705;32;217;2.4;20.734;28.35;14.16;-0.83
7;2012;capimserra;6099;297;0.04869;3;2.475;1233;0.464930316;2835.61;densa;0.054335137;331.39;ruim;ausenteouruim;0.278570257;1699;denso;denso;parcialmente_samambaia;samambaia;ausente;31;21;137;7.5;4;0;2;1;2387.3;36;209;2.5;21.004;28.571;13.868;1.14
8;2013;capimserra;6099;297;0.04869;3;2.481;1233;0.464930316;2835.61;densa;0.054335137;331.39;ruim;ausenteouruim;0.278570257;1699;denso;denso;parcialmente_samambaia;samambaia;ausente;31;21;137;8.5;5;0;0;0;2035.6;22;205;2.5;21.013;28.93;13.11;-1
9;2014;capimserra;7918;340;0.04294;3;2.43;2269;0.457010609;3618.61;densa;0.041852741;331.39;ruim;ausenteouruim;0.214574387;1699;denso;denso;parcialmente_samambaia;samambaia;ausente;31;21;137;9.5;6;0;2;1;2296.8;38;218;2.5;21.38;28.85;14.66;1.2
10;2015;capimserra;7918;340;0.04294;3;2.43;2269;0.457010609;3618.61;moderada;0.041852741;331.39;ruim;ausenteouruim;0.214574387;1699;denso;denso;parcialmente_samambaia;samambaia;ausente;31;21;137;10.5;7;0;2;1;3531.8;68;246;2.5;21.427;31.34;14.93;1
11;2016;capimserra;7918;340;0.04294;3;2.43;2269;0.457010609;3618.61;moderada;0.041852741;331.39;ruim;ausenteouruim;0.214574387;1699;denso;denso;parcialmente_samambaia;samambaia;ausente;31;21;137;11.5;8;0;3;1.5;1830;30;240;2.5;20.973;30.2;11.62;2.41
12;2017;capimserra;8311;348;0.04187;3;2.422;2877;0.368607869;3063.5;moderada;0.055408495;460.5;ruim;ausenteouruim;0.229815907;1910;denso;denso;parcialmente_samambaia;samambaia;ausente;31;21;137;12.5;9;0;1;0.5;2471.8;40;223;2.5;21.215;28.14;14.4;0.44
13;2018;capimserra;7280;338;0.04642;3;2.467;2157;0.380023352;2766.57;normal;0.061322802;446.43;ruim;ausenteouruim;0.262362637;1910;denso;denso;parcialmente_samambaia;samambaia;ausente;31;21;137;13.5;10;0;1;0.5;2315.8;40;217;2.5;21.238;31.87;13.66;0.42
14;2019;capimserra;7280;338;0.04642;3;2.467;2157;0.380023352;2766.57;normal;0.061322802;446.43;ruim;ausenteouruim;0.262362637;1910;denso;denso;parcialmente_samambaia;samambaia;ausente;31;21;137;14.5;11;0;1;0.5;3025;44;205;2.4;21.163;28.71;13.45;-0.26
15;2020;capimserra;5846;318;0.05439;2;2.457;1770;0.386070818;2256.97;normal;0.030795416;180.03;ruim;ausenteouruim;0.280362641;1639;denso;denso;ausente;ausente;ausente;94;371;372;2.5;2.5;2;0;0;2274.2;38;204;2.4;21.097;29.04;13.75;0
16;2021;capimserra;7863;334;0.04247;2;2.453;1756;0.471919115;3710.7;normal;0.045949383;361.3;ruim;ausenteouruim;0.258807071;2035;denso;denso;parcialmente_ambos;ambos;ausente;94;371;372;3.5;3.5;0;2;1;2639.6;38;221;2.4;20.588;29.19;11.93;1.36
17;2022;capimserra;7025;312;0.04441;2;2.457;1727;0.413053381;2901.7;normal;0.051430605;361.3;ruim;ausenteouruim;0.289679715;2035;denso;denso;parcialmente_ambos;ambos;ausente;94;371;372;4.5;4.5;0;1;0.5;2838.4;45;202;2.4;20.48;29.06;13.94;0.61
18;2023;capimserra;7025;312;0.04441;2;2.456;1727;0.413053381;2901.7;normal;0.051430605;361.3;ruim;ausenteouruim;0.289679715;2035;denso;denso;parcialmente_ambos;ambos;ausente;94;371;372;5.5;5.5;0;1;0.5;3452.2;56;216;2.5;21.311;29.65;14.37;0.77
4;2009;choquinha;8531;410;0.04806;1;2.437;1739;0.715683976;6105.5;moderada;0.080471223;686.5;boa;boa;0;0;ausente;ausenteouruim;parcialmente_samambaia;samambaia;ausente;5C;63;139;4.5;1;0;0;0;3298;57;229;2.5;21.606;30.02;14.41;-0.45
5;2010;choquinha;8032;383;0.04768;1;2.419;1617;0.714641434;5740;moderada;0.084038845;675;boa;boa;0;0;ausente;ausenteouruim;parcialmente_samambaia;samambaia;ausente;5C;63;139;5.5;2;0;0;0;3460.8;67;222;2.4;20.909;29.56;13.85;-0.62
6;2011;choquinha;8365;384;0.0459;1;2.438;1645;0.722653915;6045;densa;0.080693365;675;boa;boa;0;0;ausente;ausenteouruim;parcialmente_samambaia;samambaia;ausente;26C;Fi68;139;0.8;3;1;NA;NA;2705;32;217;2.4;20.734;28.35;14.16;NA
7;2012;choquinha;7874;379;0.04813;1;2.437;2.806;0.89575743;7053.194;densa;0.103886208;818;boa;boa;0;0;ausente;ausenteouruim;parcialmente_samambaia;samambaia;ausente;26C;Fi68;139;1.8;4;0;0;0;2387.3;36;209;2.5;21.004;28.571;13.868;-0.86
8;2013;choquinha;7874;379;0.04813;1;2.437;2.806;0.89575743;7053.194;densa;0.103886208;818;boa;boa;0;0;ausente;ausenteouruim;parcialmente_samambaia;samambaia;ausente;26C;Fi68;139;2.8;5;0;0;0;2035.6;22;205;2.5;21.013;28.93;13.11;-1
9;2014;choquinha;7495;356;0.04749;1;2.44;2424;0.567444963;4253;densa;0.109139426;818;boa;boa;0;0;ausente;ausenteouruim;parcialmente_samambaia;samambaia;ausente;26C;Fi68;139;3.8;6;0;0;0;2296.8;38;218;2.5;21.38;28.85;14.66;-0.8
10;2015;choquinha;5271;310;0.05881;2;2.411;2201;0.555302599;2927;moderada;0.027129577;143;boa;boa;0;0;ausente;ausenteouruim;ausente;ausente;ausente;26C;Fi68;139;4.8;7;0;1;0.5;3531.8;68;246;2.5;21.427;31.34;14.93;0
11;2016;choquinha;4873;282;0.05786;2;2.407;2111;0.537451262;2619;moderada;0.029345372;143;boa;boa;0;0;ausente;ausenteouruim;ausente;ausente;ausente;26C;Fi68;139;5.8;8;1;0;0;1830;30;240;2.5;20.973;30.2;11.62;-0.59
12;2017;choquinha;4922;283;0.05749;2;2.399;1874;0.609061357;2997.8;moderada;0.010199106;50.2;boa;boa;0;0;ausente;ausenteouruim;ausente;ausente;ausente;78C;Fi68;Fi92;6.8;3;0;NA;NA;2471.8;40;223;2.5;21.215;28.14;14.4;NA
15;2020;choquinha;5878;314;0.05341;1;2.487;796;0.701088806;4121;normal;0.163490983;961;moderada;moderada;0;0;ausente;ausenteouruim;parcialmente_samambaia;samambaia;ausente;80C;362;391;5.5;0.5;0;0;0;2274.2;38;204;2.4;21.097;29.04;13.75;0
16;2021;choquinha;5655;316;0.05587;1;2.487;1056;0.665782493;3765;normal;0.147480106;834;moderada;moderada;0;0;ausente;ausenteouruim;parcialmente_samambaia;samambaia;ausente;80C;362;391;6.5;1.5;0;0;0;2639.6;38;221;2.4;20.588;29.19;11.93;-0.64
17;2022;choquinha;8779;409;0.04658;1;2.444;2685;0.601435243;5280;normal;0.092721267;814;moderada;moderada;0;0;ausente;ausenteouruim;parcialmente_samambaia;samambaia;ausente;80C;362;391;7.5;2.5;0;0;0;2838.4;45;202;2.4;20.48;29.06;13.94;-0.39
18;2023;choquinha;8779;409;0.04658;1;2.444;2685;0.601435243;5280;normal;0.092721267;814;moderada;moderada;0;0;ausente;ausenteouruim;parcialmente_samambaia;samambaia;ausente;80C;362;391;8.5;3.5;0;0;0;3452.2;56;216;2.5;21.311;29.65;14.37;-0.23
4;2009;colorado;6334;342;0.05399;2;2.512;592;0.598673824;3792;moderada;0.30786233;1950;boa;boa;0;0;ausente;ausenteouruim;parcialmente_samambaia;samambaia;cebolama;6C;117;122;2.5;2;0;0;0;3298;57;229;2.5;21.606;30.02;14.41;-0.45
5;2010;colorado;6543;315;0.04814;2;2.492;836;0.605242244;3960.1;moderada;0.26698762;1746.9;boa;boa;0;0;ausente;ausenteouruim;parcialmente_samambaia;samambaia;cebolama;150C;182;122;1;3;2;0;0;3460.8;67;222;2.4;20.909;29.56;13.85;-0.62
6;2011;colorado;6399;323;0.05047;2;2.5;862;0.587279262;3758;densa;0.278012189;1779;boa;boa;0;0;ausente;ausenteouruim;parcialmente_samambaia;samambaia;cebolama;22C;185;Fi26;2;2;0;NA;NA;2705;32;217;2.4;20.734;28.35;14.16;NA
7;2012;colorado;6707;321;0.04786;2;2.5;1123;0.515640376;3458.4;densa;0.316922618;2125.6;boa;boa;0;0;ausente;ausenteouruim;parcialmente_samambaia;samambaia;cebolama;22C;185;Fi26;3;3;0;2;1;2387.3;36;209;2.5;21.004;28.571;13.868;1.14
8;2013;colorado;6707;321;0.04786;2;2.5;1123;0.515640376;3458.4;densa;0.316922618;2125.6;boa;boa;0;0;ausente;ausenteouruim;parcialmente_samambaia;samambaia;cebolama;22C;185;Fi26;4;4;0;1;0.5;2035.6;22;205;2.5;21.013;28.93;13.11;0
9;2014;colorado;6848;339;0.0495;2;2.506;1123;0.483411215;3310.4;densa;0.352599299;2414.6;boa;boa;0;0;ausente;ausenteouruim;parcialmente_samambaia;samambaia;cebolama;38C;185;322;5;0.5;1;0;0;2296.8;38;218;2.5;21.38;28.85;14.66;-0.8
10;2015;colorado;5157;310;0.06011;4;2.481;760;0.483692069;2494.4;moderada;0.368935428;1902.6;boa;boa;0;0;ausente;ausenteouruim;parcialmente_samambaia;samambaia;cebolama;38C;185;322;6;1.5;0;2;1;3531.8;68;246;2.5;21.427;31.34;14.93;1
11;2016;colorado;5199;325;0.06251;4;2.482;728.5;0.496999423;2583.9;moderada;0.362877476;1886.6;boa;boa;0;0;ausente;ausenteouruim;parcialmente_samambaia;samambaia;cebolama;38C;185;322;7;2.5;0;0;0;1830;30;240;2.5;20.973;30.2;11.62;-0.59
12;2017;colorado;5309;328;0.06178;4;2.505;752.3;0.500979469;2659.7;moderada;0.357317762;1897;boa;boa;0;0;ausente;ausenteouruim;parcialmente_samambaia;samambaia;cebolama;38C;185;322;8;3.5;0;NA;NA;2471.8;40;223;2.5;21.215;28.14;14.4;NA
13;2018;colorado;5309;328;0.06178;4;2.505;752.3;0.500979469;2659.7;normal;0.357317762;1897;boa;boa;0;0;ausente;ausenteouruim;parcialmente_samambaia;samambaia;cebolama;38C;185;322;9;4.5;0;0;0;2315.8;40;217;2.5;21.238;31.87;13.66;-0.58
14;2019;colorado;4086;292;0.07146;2;2.489;610.3;0.499926579;2042.7;normal;0.350709741;1433;boa;boa;0;0;ausente;ausenteouruim;parcialmente_samambaia;samambaia;cebolama;38C;185;322;10;5.5;1;0;0;3025;44;205;2.4;21.163;28.71;13.45;-1.26
17;2022;colorado;5196;300;0.05773;2;2.536;668.8;0.523518091;2720.2;normal;0.347767513;1807;boa;boa;0;0;ausente;ausenteouruim;parcialmente_samambaia;samambaia;cebolama;90C;402;322;2.5;6.5;0;0;0;2838.4;45;202;2.4;20.48;29.06;13.94;-0.39
18;2023;colorado;5196;300;0.05773;2;2.536;668.8;0.523518091;2720.2;normal;0.347767513;1807;boa;boa;0;0;ausente;ausenteouruim;parcialmente_samambaia;samambaia;cebolama;****;419;322;0.5;7.5;1;0;0;3452.2;56;216;2.5;21.311;29.65;14.37;-0.23
12;2017;confusao;2541;220;0.08658;3;2.535;128;0.651711924;1656;moderada;0.297914207;757;boa;boa;0;0;ausente;ausenteouruim;parcialmente_samambaia;samambaia;cebolama;43C;362;329;2.5;3;0;NA;NA;2471.8;40;223;2.5;21.215;28.14;14.4;NA
13;2018;confusao;3438;281;0.08173;2;2.492;353;0.672978476;2313.7;normal;0.22434555;771.3;boa;boa;0;0;ausente;ausenteouruim;parcialmente_samambaia;samambaia;cebolama;75C;362;Fi92;3.5;4;1;0;0;2315.8;40;217;2.5;21.238;31.87;13.66;-0.58
14;2019;confusao;3438;281;0.08173;2;2.492;353;0.672978476;2313.7;normal;0.22434555;771.3;boa;boa;0;0;ausente;ausenteouruim;parcialmente_samambaia;samambaia;cebolama;77C;362;NA;4.5;NA;1;0;0;3025;44;205;2.4;21.163;28.71;13.45;-1.26
9;2014;david;4454;355;0.0797;3;2.42;1535;0.483834755;2155;densa;0.171531208;764;boa;boa;0;0;ausente;ausenteouruim;parcialmente_samambaia;samambaia;ausente;63;Fi79;Fi77;2;2;1;1;0.5;2296.8;38;218;2.5;21.38;28.85;14.66;0.2
10;2015;david;3568;279;0.07819;3;2.422;1445;0.429372197;1532;moderada;0.165639013;591;boa;boa;0;0;ausente;ausenteouruim;parcialmente_samambaia;samambaia;ausente;63;Fi79;Fi77;3;3;0;0;0;3531.8;68;246;2.5;21.427;31.34;14.93;-1
11;2016;david;3568;279;0.07819;3;2.422;1445;0.429372197;1532;moderada;0.165639013;591;boa;boa;0;0;ausente;ausenteouruim;parcialmente_samambaia;samambaia;ausente;63;Fi79;Fi77;4;4;0;0;0;1830;30;240;2.5;20.973;30.2;11.62;-0.59
12;2017;david;4267;278;0.06515;3;2.425;1353;0.554347317;2365.4;moderada;0.128568081;548.6;boa;boa;0;0;ausente;ausenteouruim;parcialmente_samambaia;samambaia;ausente;63;Fi79;Fi77;5;5;0;2;1;2471.8;40;223;2.5;21.215;28.14;14.4;1.44
13;2018;david;6168;328;0.05317;3;2.437;1430;0.563521401;3475.8;normal;0.190629053;1175.8;ruim;ausenteouruim;0.014007782;86.4;pouco denso;ausenteouruim;parcialmente_samambaia;samambaia;ausente;63;Fi79;Fi77;6;6;0;0;0;2315.8;40;217;2.5;21.238;31.87;13.66;-0.58
14;2019;david;6168;328;0.05317;3;2.437;1430;0.563521401;3475.8;normal;0.190629053;1175.8;ruim;ausenteouruim;0.014007782;86.4;pouco denso;ausenteouruim;parcialmente_samambaia;samambaia;ausente;63;Fi79;Fi77;7;7;0;0;0;3025;44;205;2.4;21.163;28.71;13.45;-1.26
15;2020;david;5018;353;0.07034;4;2.331;1709;0.526624153;2642.6;normal;0.132801913;666.4;ruim;ausenteouruim;0;0;ausente;ausenteouruim;parcialmente_samambaia;samambaia;ausente;63;Fi79;Fi77;8;8;0;0;0;2274.2;38;204;2.4;21.097;29.04;13.75;0
16;2021;david;7071;366;0.05176;3;2.444;1424;0.627238014;4435.2;normal;0.159878376;1130.5;ruim;ausenteouruim;0.011497667;81.3;pouco denso;ausenteouruim;parcialmente_samambaia;samambaia;ausente;63;Fi79;Fi77;9;9;0;0;0;2639.6;38;221;2.4;20.588;29.19;11.93;-0.64
17;2022;david;7073;365;0.0516;3;2.438;1424;0.628898629;4448.2;normal;0.158277958;1119.5;ruim;ausenteouruim;0.011494415;81.3;pouco denso;ausenteouruim;parcialmente_samambaia;samambaia;ausente;109;Fi79;374;10;2.5;1;0;0;2838.4;45;202;2.4;20.48;29.06;13.94;-0.39
18;2023;david;7129;365;0.05119;3;2.438;1424;0.631813719;4504.2;normal;0.157034647;1119.5;ruim;ausenteouruim;0.011404124;81.3;pouco denso;ausenteouruim;parcialmente_samambaia;samambaia;ausente;*****;Fi79;193;11;12.5;1;0;0;3452.2;56;216;2.5;21.311;29.65;14.37;-0.23
12;2017;elisa;2853;248;0.08692;3;2.439;717;0.639677532;1825;moderada;0.109008062;311;boa;boa;0;0;ausente;ausenteouruim;parcialmente_samambaia;samambaia;ausente;69C;341;361;1.5;1;0;NA;NA;2471.8;40;223;2.5;21.215;28.14;14.4;NA
13;2018;elisa;3890;288;0.07403;2;2.46;1166;0.607969152;2365;normal;0.092287918;359;boa;boa;0;0;ausente;ausenteouruim;parcialmente_samambaia;samambaia;ausente;69C;341;361;2.5;2;0;0;0;2315.8;40;217;2.5;21.238;31.87;13.66;-0.58
14;2019;elisa;3890;288;0.07403;2;2.46;1166;0.607969152;2365;normal;0.092287918;359;boa;boa;0;0;ausente;ausenteouruim;parcialmente_samambaia;samambaia;ausente;70C;341;NA;3.5;NA;1;0;0;3025;44;205;2.4;21.163;28.71;13.45;-1.26
12;2017;espremido;2462;215;0.08732;4;2.51;0;0.761413485;1874.6;moderada;0.203493095;501;boa;boa;0.03509342;86.4;pouco denso;ausenteouruim;parcialmente_samambaia;samambaia;ausente;NA;NA;NA;NA;NA;0;0;0;2471.8;40;223;2.5;21.215;28.14;14.4;-0.56
15;2020;espremido;3772;254;0.06733;5;2.549;0;0.587645811;2216.6;normal;0.389448568;1469;ruim;ausenteouruim;0.02290562;86.4;pouco denso;ausenteouruim;parcialmente_samambaia;samambaia;ausente;105;373;374;0.5;0.5;0;0;0;2274.2;38;204;2.4;21.097;29.04;13.75;0
1;2006;herbacinho;6278;332;0.05288;3;2.462;1442;0.659732399;4141.8;normal;0.104077732;653.4;boa;boa;0.006498885;40.8;pouco denso;ausenteouruim;integralmente_capimserra_parcialmente_samambaia;ambos;cebolama;12;25;4;1.5;1;0;0;0;2340.6;38;202;2.5;20.61;28.01;14.45;-0.17
2;2007;herbacinho;5633;309;0.05485;3;2.466;1356;0.642890112;3621.4;normal;0.109142553;614.8;boa;boa;0.007243032;40.8;pouco denso;ausenteouruim;integralmente_capimserra_parcialmente_samambaia;ambos;cebolama;12;25;4;2.5;2;1;0;0;2925.8;57;201;2.5;21.19;29.13;13.25;-0.67
3;2008;herbacinho;5940;308;0.05185;2;2.47;1127;0.665757576;3954.6;normal;0.137643098;817.6;boa;boa;0.006868687;40.8;pouco denso;ausenteouruim;integralmente_capimserra_parcialmente_samambaia;ambos;cebolama;17;117;4;1.5;3;1;0;0;2908;44;211;2.5;21.06;28.96;14.13;0
4;2009;herbacinho;5488;322;0.05867;2;2.47;1045;0.66619898;3656.1;moderada;0.135951166;746.1;boa;boa;0.007434402;40.8;pouco denso;ausenteouruim;integralmente_capimserra_parcialmente_samambaia;ambos;cebolama;27;161;138;0.5;1;0;0;0;3298;57;229;2.5;21.606;30.02;14.41;-0.45
5;2010;herbacinho;5517;350;0.06344;2;2.471;1121;0.657621896;3628.1;moderada;0.131792641;727.1;boa;boa;0.007395324;40.8;pouco denso;ausenteouruim;integralmente_capimserra_parcialmente_samambaia;ambos;cebolama;27;161;138;1.5;2;0;0;0;3460.8;67;222;2.4;20.909;29.56;13.85;-0.62
6;2011;herbacinho;5480;320;0.05839;2;2.471;1066;0.662974453;3633.1;densa;0.135054745;740.1;boa;boa;0.007445255;40.8;pouco denso;ausenteouruim;integralmente_capimserra_parcialmente_samambaia;ambos;cebolama;44;161;Fi55;2.5;1;0;0;0;2705;32;217;2.4;20.734;28.35;14.16;-0.83
7;2012;herbacinho;5881;335;0.05696;2;2.443;1336;0.670379187;3942.5;densa;0.08930454;525.2;boa;boa;0.013144023;77.3;pouco denso;ausenteouruim;integralmente_capimserra_parcialmente_samambaia;ambos;cebolama;44;161;Fi55;3.5;2;0;2;1;2387.3;36;209;2.5;21.004;28.571;13.868;1.14
8;2013;herbacinho;5881;335;0.05696;2;2.443;1336;0.670379187;3942.5;densa;0.08930454;525.2;boa;boa;0.013144023;77.3;pouco denso;ausenteouruim;integralmente_capimserra_parcialmente_samambaia;ambos;cebolama;44;161;Fi55;4.5;3;0;0;0;2035.6;22;205;2.5;21.013;28.93;13.11;-1
9;2014;herbacinho;6163;352;0.05711;2;2.438;1336;0.59305533;3655;densa;0.177624534;1094.7;boa;boa;0.012542593;77.3;pouco denso;ausenteouruim;integralmente_capimserra_parcialmente_samambaia;ambos;cebolama;44;161;Fi55;5.5;4;0;0;0;2296.8;38;218;2.5;21.38;28.85;14.66;-0.8
10;2015;herbacinho;6396;347;0.05425;2;2.443;1336;0.610537836;3905;moderada;0.168495935;1077.7;boa;boa;0.012085679;77.3;pouco denso;ausenteouruim;integralmente_capimserra_parcialmente_samambaia;ambos;cebolama;44;161;Fi55;6.5;5;0;0;0;3531.8;68;246;2.5;21.427;31.34;14.93;-1
11;2016;herbacinho;6396;347;0.05425;2;2.443;1336;0.610537836;3905;moderada;0.168495935;1077.7;boa;boa;0.012085679;77.3;pouco denso;ausenteouruim;integralmente_capimserra_parcialmente_samambaia;ambos;cebolama;44;161;Fi55;7.5;6;0;0;0;1830;30;240;2.5;20.973;30.2;11.62;-0.59
12;2017;herbacinho;6908;358;0.05182;2;2.443;1914.2;0.498856398;3446.1;moderada;0.199724957;1379.7;boa;boa;0.024319629;168;pouco denso;ausenteouruim;integralmente_capimserra_parcialmente_samambaia;ambos;cebolama;44;161;Fi55;8.5;7;0;0;0;2471.8;40;223;2.5;21.215;28.14;14.4;-0.56
13;2018;herbacinho;7109;374;0.0526;2;2.462;1914.2;0.487987059;3469.1;normal;0.219116613;1557.7;moderada;moderada;0.023632016;168;pouco denso;ausenteouruim;integralmente_capimserra_parcialmente_samambaia;ambos;cebolama;44;161;Fi55;9.5;8;0;0;0;2315.8;40;217;2.5;21.238;31.87;13.66;-0.58
14;2019;herbacinho;7109;374;0.0526;2;2.462;1914.2;0.487987059;3469.1;normal;0.219116613;1557.7;moderada;moderada;0.023632016;168;pouco denso;ausenteouruim;integralmente_capimserra_parcialmente_samambaia;ambos;cebolama;44;161;Fi55;10.5;9;0;2;1;3025;44;205;2.4;21.163;28.71;13.45;0.74
15;2020;herbacinho;8021;403;0.05024;2;2.446;1864;0.542613141;4352.3;normal;0.204051864;1636.7;moderada;moderada;0.020945019;168;pouco denso;ausenteouruim;integralmente_capimserra_parcialmente_samambaia;ambos;cebolama;44;161;Fi55;11.5;10;0;0;0;2274.2;38;204;2.4;21.097;29.04;13.75;0
16;2021;herbacinho;7290;386;0.05294;3;2.471;1526;0.603840878;4402;normal;0.172565158;1258;moderada;moderada;0.014266118;104;pouco denso;ausenteouruim;integralmente_capimserra_parcialmente_samambaia;ambos;cebolama;44;161;Fi55;12.5;11;0;0;0;2639.6;38;221;2.4;20.588;29.19;11.93;-0.64
17;2022;herbacinho;7290;386;0.05294;3;2.471;1526;0.603840878;4402;normal;0.172565158;1258;moderada;moderada;0.014266118;104;pouco denso;ausenteouruim;integralmente_capimserra_parcialmente_samambaia;ambos;cebolama;102;161;413;13.5;0.5;0;0;0;2838.4;45;202;2.4;20.48;29.06;13.94;-0.39
18;2023;herbacinho;7006;346;0.04938;3;2.471;1379;0.611846988;4286.6;normal;0.176477305;1236.4;moderada;moderada;0.014844419;104;pouco denso;ausenteouruim;integralmente_capimserra_parcialmente_samambaia;ambos;cebolama;102;161;413;14.5;1.5;1;0;0;3452.2;56;216;2.5;21.311;29.65;14.37;-0.23
4;2009;listrao;5921;391;0.06603;3;2.485;1353;0.758503631;4491.1;moderada;0.012987671;76.9;ruim;ausenteouruim;0;0;ausente;ausenteouruim;integralmente_samambaia;samambaia;ausente;12C;109;110;0.5;2;0;0;0;3298;57;229;2.5;21.606;30.02;14.41;-0.45
5;2010;listrao;5594;354;0.06328;3;2.514;1309;0.762298892;4264.3;moderada;0.003700393;20.7;ruim;ausenteouruim;0;0;ausente;ausenteouruim;integralmente_samambaia;samambaia;ausente;12C;109;110;1.5;3;0;2;1;3460.8;67;222;2.4;20.909;29.56;13.85;1.38
6;2011;listrao;5782;394;0.06814;3;2.5;1359;0.756848841;4376.1;densa;0.00811138;46.9;ruim;ausenteouruim;0;0;ausente;ausenteouruim;integralmente_samambaia;samambaia;ausente;12C;109;110;2.5;4;0;NA;NA;2705;32;217;2.4;20.734;28.35;14.16;NA
7;2012;listrao;5858;402;0.06862;3;2.5;1061;0.815124616;4775;densa;0.003755548;22;ruim;ausenteouruim;0;0;ausente;ausenteouruim;integralmente_samambaia;samambaia;ausente;12C;109;110;3.5;5;0;0;0;2387.3;36;209;2.5;21.004;28.571;13.868;-0.86
8;2013;listrao;5624;395;0.07023;3;2.5;1061;0.807432432;4541;densa;0.003911807;22;ruim;ausenteouruim;0;0;ausente;ausenteouruim;integralmente_samambaia;samambaia;ausente;12C;109;110;4.5;6;0;1;0.5;1029;22;205;2.5;21.013;28.93;13.11;0
9;2014;listrao;5613;407;0.07251;3;2.485;991;0.820684126;4606.5;densa;0.002761447;15.5;ruim;ausenteouruim;0;0;ausente;ausenteouruim;integralmente_samambaia;samambaia;ausente;12C;109;110;5.5;7;0;1;0.5;2296.8;38;218;2.5;21.38;28.85;14.66;0.2
10;2015;listrao;4464;333;0.07459;1;2.5;674;0.849014337;3790;moderada;0;0;ausente;ausenteouruim;0;0;ausente;ausenteouruim;ausente;ausente;ausente;12C;109;110;6.5;8;0;0;0;3531.8;68;246;2.5;21.427;31.34;14.93;-1
11;2016;listrao;4473;355;0.07936;1;2.5;649;0.854907221;3824;moderada;0;0;ausente;ausenteouruim;0;0;ausente;ausenteouruim;ausente;ausente;ausente;51C;109;350;7.5;1;1;0;0;1830;30;240;2.5;20.973;30.2;11.62;-0.59
12;2017;listrao;4602;351;0.07627;1;2.5;1002;0.782268579;3600;moderada;0;0;ausente;ausenteouruim;0;0;ausente;ausenteouruim;ausente;ausente;ausente;51C;109;350;8.5;2;0;NA;NA;2471.8;40;223;2.5;21.215;28.14;14.4;NA
13;2018;listrao;4602;351;0.07627;1;2.5;1002;0.782268579;3600;normal;0;0;ausente;ausenteouruim;0;0;ausente;ausenteouruim;ausente;ausente;ausente;NA;408;NA;1;NA;1;NA;NA;1489;40;131;2.5;21.238;31.87;13.66;NA
14;2019;listrao;3697;313;0.08466;1;2.485;931;0.748174195;2766;normal;0;0;ausente;ausenteouruim;0;0;ausente;ausenteouruim;ausente;ausente;ausente;85C;408;350;2;4;0;2;1;3025;44;205;2.4;21.163;28.71;13.45;0.74
15;2020;listrao;3782;341;0.09016;1;2.485;846;0.774249075;2928.21;normal;0.002059757;7.79;ruim;ausenteouruim;0;0;ausente;ausenteouruim;integralmente_samambaia;samambaia;ausente;85C;408;350;3;5;0;0;0;2274.2;38;204;2.4;21.097;29.04;13.75;0
16;2021;listrao;6035;402;0.06661;2;2.491;2043;0.648699254;3914.9;normal;0.012775476;77.1;ruim;ausenteouruim;0;0;ausente;ausenteouruim;integralmente_samambaia;samambaia;ausente;85C;408;350;4;6;0;0;0;2639.6;38;221;2.4;20.588;29.19;11.93;-0.64
17;2022;listrao;6090;339;0.05566;2;2.5;2037;0.651691297;3968.8;normal;0.013825944;84.2;ruim;ausenteouruim;0;0;ausente;ausenteouruim;integralmente_samambaia;samambaia;ausente;95C;416;350;0.5;7;1;0;0;2838.4;45;202;2.4;20.48;29.06;13.94;-0.39
18;2023;listrao;6090;339;0.05566;2;2.5;2037;0.651691297;3968.8;normal;0.013825944;84.2;ruim;ausenteouruim;0;0;ausente;ausenteouruim;integralmente_samambaia;samambaia;ausente;96C;396;350;2.5;8;1;0;0;3452.2;56;216;2.5;21.311;29.65;14.37;-0.23
1;2006;maezinha;5077;325;0.06401;4;2.537;1182;0.668473508;3393.84;normal;0.098711838;501.16;boa;boa;0;0;ausente;ausenteouruim;parcialmente_samambaia;samambaia;ausente;5;11A;8A;2.5;2.5;0;0;0;2340.6;38;202;2.5;20.61;28.01;14.45;-0.17
2;2007;maezinha;6743;419;0.06213;4;2.542;1345;0.654871719;4415.8;normal;0.145662168;982.2;boa;boa;0;0;ausente;ausenteouruim;parcialmente_samambaia;samambaia;ausente;5;11A;8A;3.5;3.5;0;1;0.5;2925.8;57;201;2.5;21.19;29.13;13.25;0.33
3;2008;maezinha;7039;431;0.06123;4;2.547;1340;0.670095184;4716.8;normal;0.139536866;982.2;boa;boa;0;0;ausente;ausenteouruim;parcialmente_samambaia;samambaia;ausente;5;11A;8A;4.5;4.5;0;0;0;2908;44;211;2.5;21.06;28.96;14.13;0
4;2009;maezinha;5952;360;0.06048;4;2.535;949;0.675537634;4020.8;moderada;0.165020161;982.2;boa;boa;0;0;ausente;ausenteouruim;parcialmente_samambaia;samambaia;ausente;30;11A;159;5.5;0.5;1;0;0;3298;57;229;2.5;21.606;30.02;14.41;-0.45
5;2010;maezinha;6120;352;0.05751;4;2.544;1012;0.66495098;4069.5;moderada;0.169689542;1038.5;boa;boa;0;0;ausente;ausenteouruim;parcialmente_samambaia;samambaia;ausente;30;11A;159;6.5;1.5;0;0;0;3460.8;67;222;2.4;20.909;29.56;13.85;-0.62
6;2011;maezinha;5948;358;0.06018;4;2.537;954;0.674478816;4011.8;densa;0.165131137;982.2;boa;boa;0;0;ausente;ausenteouruim;parcialmente_samambaia;samambaia;ausente;30;11A;159;7.5;2.5;1;0;0;2705;32;217;2.4;20.734;28.35;14.16;-0.83
7;2012;maezinha;5624;327;0.05814;4;2.537;554;0.690433855;3883;densa;0.211059744;1187;boa;boa;0;0;ausente;ausenteouruim;parcialmente_samambaia;samambaia;ausente;48;11A;196;8.5;1.5;0;0;0;2387.3;36;209;2.5;21.004;28.571;13.868;-0.86
8;2013;maezinha;5624;327;0.05814;4;2.54;554;0.690433855;3883;densa;0.211059744;1187;boa;boa;0;0;ausente;ausenteouruim;parcialmente_samambaia;samambaia;ausente;48;11A;196;9.5;2.5;0;2;1;2035.6;22;205;2.5;21.013;28.93;13.11;1
9;2014;maezinha;5624;327;0.05814;4;2.54;554;0.690433855;3883;densa;0.211059744;1187;boa;boa;0;0;ausente;ausenteouruim;parcialmente_samambaia;samambaia;ausente;48;11A;196;10.5;3.5;0;1;0.5;2296.8;38;218;2.5;21.38;28.85;14.66;0.2
10;2015;maezinha;5114;327;0.06394;5;2.537;467;0.663609699;3393.7;moderada;0.24507235;1253.3;boa;boa;0;0;ausente;ausenteouruim;parcialmente_samambaia;samambaia;ausente;48;11A;196;11.5;4.5;0;2;1;3531.8;68;246;2.5;21.427;31.34;14.93;1
11;2016;maezinha;5114;327;0.06394;5;2.537;467;0.663609699;3393.7;moderada;0.24507235;1253.3;boa;boa;0;0;ausente;ausenteouruim;parcialmente_samambaia;samambaia;ausente;74;333;196;1.5;5.5;2;0;0;1830;30;240;2.5;20.973;30.2;11.62;-0.59
12;2017;maezinha;6004;359;0.05979;5;2.535;1117;0.562958028;3380;moderada;0.250999334;1507;boa;boa;0;0;ausente;ausenteouruim;parcialmente_samambaia;samambaia;ausente;NA;NA;NA;NA;NA;1;0;0;2471.8;40;223;2.5;21.215;28.14;14.4;-0.56
13;2018;maezinha;6004;359;0.05979;4;2.535;1117;0.562958028;3380;normal;0.250999334;1507;boa;boa;0;0;ausente;ausenteouruim;parcialmente_samambaia;samambaia;ausente;83;353;358;2.5;3.5;1;0;0;2315.8;40;217;2.5;21.238;31.87;13.66;-0.58
14;2019;maezinha;6004;359;0.05979;4;2.535;1117;0.562958028;3380;normal;0.250999334;1507;boa;boa;0;0;ausente;ausenteouruim;parcialmente_samambaia;samambaia;ausente;98;353;376;3.5;0.5;1;0;0;3025;44;205;2.4;21.163;28.71;13.45;-1.26
15;2020;maezinha;4756;280;0.05887;4;2.533;1117;0.613393608;2917.3;normal;0.151745164;721.7;boa;boa;0;0;ausente;ausenteouruim;parcialmente_samambaia;samambaia;ausente;98;353;376;4.5;1.5;0;0;0;2274.2;38;204;2.4;21.097;29.04;13.75;0
16;2021;maezinha;5932;319;0.05377;4;2.535;575;0.66908294;3969;normal;0.233985165;1388;boa;boa;0;0;ausente;ausenteouruim;parcialmente_samambaia;samambaia;ausente;99;373;374;1.5;1.5;2;0;0;2639.6;38;221;2.4;20.588;29.19;11.93;-0.64
17;2022;maezinha;5678;315;0.05547;4;2.535;575;0.665885875;3780.9;normal;0.232846073;1322.1;boa;boa;0;0;ausente;ausenteouruim;parcialmente_samambaia;samambaia;ausente;108;373;414;2.5;0.5;0;0;0;2838.4;45;202;2.4;20.48;29.06;13.94;-0.39
18;2023;maezinha;5907;345;0.0584;4;2.535;706;0.67259184;3973;normal;0.207888945;1228;boa;boa;0;0;ausente;ausenteouruim;parcialmente_samambaia;samambaia;ausente;108;373;414;3.5;1.5;1;0;0;3452.2;56;216;2.5;21.311;29.65;14.37;-0.23
1;2006;magenta;10833;462;0.04264;3;2.508;2440;0.713613034;7730.57;normal;0.061149266;662.43;boa;boa;0;0;ausente;ausenteouruim;parcialmente_samambaia;samambaia;ausente;2;51;47;9.5;1.5;0;0;0;2340.6;38;202;2.5;20.61;28.01;14.45;-0.17
2;2007;magenta;8214;437;0.0532;2;2.49;2114;0.662283906;5440;normal;0.080350621;660;boa;boa;0;0;ausente;ausenteouruim;parcialmente_samambaia;samambaia;ausente;2;51;47;10.5;2.5;0;0;0;2925.8;57;201;2.5;21.19;29.13;13.25;-0.67
3;2008;magenta;9506;434;0.04565;3;2.51;2114;0.702298548;6676.05;normal;0.07531559;715.95;boa;boa;0;0;ausente;ausenteouruim;parcialmente_samambaia;samambaia;ausente;2;51;47;11.5;3.5;0;0;0;2908;44;211;2.5;21.06;28.96;14.13;0
4;2009;magenta;10402;526;0.05056;3;2.528;2418;0.69703134;7250.52;moderada;0.070513363;733.48;boa;boa;0;0;ausente;ausenteouruim;parcialmente_samambaia;samambaia;ausente;2;51;47;12.5;4.5;0;0;0;3298;57;229;2.5;21.606;30.02;14.41;-0.45
5;2010;magenta;10066;506;0.05026;3;2.523;2369;0.692424995;6969.95;moderada;0.072228293;727.05;boa;boa;0;0;ausente;ausenteouruim;parcialmente_samambaia;samambaia;ausente;2;51;47;13.5;5.5;0;0;0;3460.8;67;222;2.4;20.909;29.56;13.85;-0.62
6;2011;magenta;8420;451;0.05356;4;2.523;2351;0.682286223;5744.85;densa;0.038497625;324.15;boa;boa;0;0;ausente;ausenteouruim;parcialmente_samambaia;samambaia;ausente;39;199;191;0.5;1.5;2;0;0;2705;32;217;2.4;20.734;28.35;14.16;-0.83
7;2012;magenta;8627;447;0.05181;4;2.507;2243;0.694230903;5989.13;densa;0.045771415;394.87;boa;boa;0;0;ausente;ausenteouruim;parcialmente_samambaia;samambaia;ausente;39;199;191;1.5;2.5;0;1;0.5;2387.3;36;209;2.5;21.004;28.571;13.868;0.14
8;2013;magenta;8267;447;0.05407;4;2.507;2243;0.680915689;5629.13;densa;0.047764606;394.87;boa;boa;0;0;ausente;ausenteouruim;parcialmente_samambaia;samambaia;ausente;57;199;306;2.5;0.5;1;0;0;2035.6;22;205;2.5;21.013;28.93;13.11;-1
9;2014;magenta;8267;447;0.05407;4;2.507;2243;0.680915689;5629.13;densa;0.047764606;394.87;boa;boa;0;0;ausente;ausenteouruim;parcialmente_samambaia;samambaia;ausente;NA;NA;306;NA;1.5;1;0;0;2296.8;38;218;2.5;21.38;28.85;14.66;-0.8
10;2015;magenta;8419;477;0.05665;4;2.502;2288;0.678849032;5715.23;moderada;0.049384725;415.77;boa;boa;0;0;ausente;ausenteouruim;parcialmente_samambaia;samambaia;ausente;67;269;306;3.5;2.5;0;0;0;3531.8;68;246;2.5;21.427;31.34;14.93;-1
11;2016;magenta;8419;477;0.05665;4;2.502;2288;0.678849032;5715.23;moderada;0.049384725;415.77;boa;boa;0;0;ausente;ausenteouruim;parcialmente_samambaia;samambaia;ausente;67;269;306;4.5;3.5;0;0;0;1830;30;240;2.5;20.973;30.2;11.62;-0.59
12;2017;magenta;8460;422;0.04988;4;2.49;2659;0.622458629;5266;moderada;0.063238771;535;boa;boa;0;0;ausente;ausenteouruim;parcialmente_samambaia;samambaia;ausente;67;269;306;5.5;4.5;0;0;0;2471.8;40;223;2.5;21.215;28.14;14.4;-0.56
13;2018;magenta;8460;422;0.04988;3;2.49;2659;0.622458629;5266;normal;0.063238771;535;ruim;ausenteouruim;0;;ausente;ausenteouruim;parcialmente_samambaia;samambaia;ausente;67;269;306;6.5;5.5;0;0;0;2315.8;40;217;2.5;21.238;31.87;13.66;-0.58
14;2019;magenta;8460;422;0.04988;3;2.49;2659;0.622458629;5266;normal;0.063238771;535;ruim;ausenteouruim;0;0;ausente;ausenteouruim;parcialmente_samambaia;samambaia;ausente;67;269;306;7.5;6.5;0;2;1;3025;44;205;2.4;21.163;28.71;13.45;0.74
15;2020;magenta;8972;426;0.04748;3;2.502;2742;0.626961658;5625.1;normal;0.067420865;604.9;ruim;ausenteouruim;0;0;ausente;ausenteouruim;parcialmente_samambaia;samambaia;ausente;67;269;306;8.5;7.5;0;0;0;2274.2;38;204;2.4;21.097;29.04;13.75;0
16;2021;magenta;9869;416;0.04215;3;2.508;2466;0.690161111;6811.2;normal;0.052507853;518.2;ruim;ausenteouruim;0.007457696;73.6;ausente;ausenteouruim;parcialmente_samambaia;samambaia;ausente;67;269;306;9.5;8.5;1;0;0;2639.6;38;221;2.4;20.588;29.19;11.93;-0.64
17;2022;magenta;9869;416;0.04215;3;2.508;2466;0.690161111;6811.2;normal;0.052507853;518.2;ruim;ausenteouruim;0.007457696;73.6;ausente;ausenteouruim;parcialmente_samambaia;samambaia;ausente;91;269;337;10.5;7;0;0;0;2838.4;45;202;2.4;20.48;29.06;13.94;-0.39
18;2023;magenta;17038;639;0.0375;1;2.484;1424;0.845298744;14402.2;normal;0.066351684;1130.5;ruim;ausenteouruim;0.004771687;81.3;pouco denso;ausenteouruim;parcialmente_samambaia;samambaia;ausente;91;269;337;11.5;8;0;0;0;3452.2;56;216;2.5;21.311;29.65;14.37;-0.23
1;2006;maodeborracha;7430;337;0.04535;3;2.536;79.3;0.426557201;3169.32;normal;0.197763122;1469.38;boa;boa;0.365006729;2712;denso;denso;parcialmente_ambos;ambos;capimserra;13;61;11;1.5;1.5;0;0;0;2340.6;38;202;2.5;20.61;28.01;14.45;-0.17
2;2007;maodeborracha;6486;344;0.05303;3;2.538;38.9;0.376214924;2440.13;normal;0.162980265;1057.09;boa;boa;0.454807277;2949.88;denso;denso;parcialmente_ambos;ambos;capimserra;13;61;11;2.5;2.5;0;0;0;2925.8;57;201;2.5;21.19;29.13;13.25;-0.67
3;2008;maodeborracha;6508;346;0.05316;3;2.538;41.7;0.386018746;2512.21;normal;0.168268285;1095.09;boa;boa;0.43930547;2859;denso;denso;parcialmente_ambos;ambos;capimserra;13;61;11;3.5;3.5;0;0;0;2908;44;211;2.5;21.06;28.96;14.13;0
4;2009;maodeborracha;5540;331;0.05974;3;2.552;46;0.283920578;1572.92;normal;0.186296029;1032.08;boa;boa;0.521480144;2889;denso;denso;parcialmente_ambos;ambos;capimserra;13;61;11;4.5;4.5;0;0;0;3298;57;229;2.5;21.606;30.02;14.41;-0.45
5;2010;maodeborracha;5599;331;0.05911;3;2.59;41.2;0.47040543;2633.8;normal;0;0;ausente;ausenteouruim;0.522236114;2924;denso;denso;parcialmente_ambos;ambos;capimserra;35;61;190;5.5;0.5;1;2;1;3460.8;67;222;2.4;20.909;29.56;13.85;1.38
6;2011;maodeborracha;5485;325;0.05925;2;2.552;34.8;0.286074749;1569.12;densa;0.188164084;1032.08;boa;boa;0.519416591;2849;denso;denso;parcialmente_ambos;ambos;capimserra;35;61;190;6.5;1.5;0;2;1;2705;32;217;2.4;20.734;28.35;14.16;1.17
7;2012;maodeborracha;5171;325;0.06285;3;2.587;55.7;0.252604912;1306.22;densa;0.211193193;1092.08;boa;boa;0.525430284;2717;denso;denso;parcialmente_ambos;ambos;capimserra;35;61;190;7.5;2.5;0;1;0.5;2387.3;36;209;2.5;21.004;28.571;13.868;0.14
8;2013;maodeborracha;5823;331;0.05684;3;2.552;55.7;0.336290572;1958.22;densa;0.187545939;1092.08;boa;boa;0.466597974;2717;denso;denso;parcialmente_ambos;ambos;capimserra;35;61;190;8.5;3.5;0;3;1.5;2035.6;22;205;2.5;21.013;28.93;13.11;2
9;2014;maodeborracha;5660;312;0.05512;3;2.543;55.7;0.309530035;1751.94;densa;0.198035336;1120.88;boa;boa;0.48259364;2731.48;denso;denso;parcialmente_ambos;ambos;capimserra;35;61;190;9.5;4.5;0;1;0.5;2296.8;38;218;2.5;21.38;28.85;14.66;0.2
10;2015;maodeborracha;5840;319;0.05462;3;2.538;50.3;0.331736301;1937.34;moderada;0.191931507;1120.88;boa;boa;0.467719178;2731.48;denso;denso;parcialmente_ambos;ambos;capimserra;35;61;190;10.5;5.5;0;3;1.5;3531.8;68;246;2.5;21.427;31.34;14.93;2
11;2016;maodeborracha;5840;319;0.05462;3;2.538;50.3;0.331736301;1937.34;moderada;0.191931507;1120.88;boa;boa;0.467719178;2731.48;denso;denso;parcialmente_ambos;ambos;capimserra;35;61;190;11.5;6.5;2;1;0.5;1830;30;240;2.5;20.973;30.2;11.62;0.41
12;2017;maodeborracha;5110;289;0.05655;3;2.527;67.7;0.272387476;1391.9;moderada;0.30962818;1582.2;boa;boa;0.404735812;2068.2;denso;denso;parcialmente_ambos;ambos;capimserra;84;294;354;5;1.5;0;1;0.5;2471.8;40;223;2.5;21.215;28.14;14.4;0.44
13;2018;maodeborracha;5110;289;0.05655;4;2.527;67.7;0.272387476;1391.9;normal;0.30962818;1582.2;boa;boa;0.404735812;2068.2;denso;denso;parcialmente_ambos;ambos;capimserra;84;294;354;6;2.5;0;2;1;2315.8;40;217;2.5;21.238;31.87;13.66;1.42
14;2019;maodeborracha;5110;289;0.05655;4;2.527;67.7;0.272387476;1391.9;normal;0.30962818;1582.2;boa;boa;0.404735812;2068.2;denso;denso;parcialmente_ambos;ambos;capimserra;84;294;354;7;3.5;0;1;0.5;3025;44;205;2.4;21.163;28.71;13.45;-0.26
15;2020;maodeborracha;4969;284;0.05715;3;2.573;67.7;0.29199034;1450.9;normal;0.283397062;1408.2;boa;boa;0.410988126;2042.2;denso;denso;parcialmente_ambos;ambos;capimserra;84;294;354;8;4.5;0;0;0;2274.2;38;204;2.4;21.097;29.04;13.75;0
16;2021;maodeborracha;5084;294;0.05782;3;2.552;82.6;0.341561762;1736.5;normal;0.26445712;1344.5;boa;boa;0.377734068;1920.4;denso;denso;parcialmente_ambos;ambos;capimserra;95;339;354;6.5;5.5;1;2;1;2639.6;38;221;2.4;20.588;29.19;11.93;1.36
17;2022;maodeborracha;5084;294;0.05782;3;2.552;82.6;0.341561762;1736.5;normal;0.26445712;1344.5;boa;boa;0.377734068;1920.4;denso;denso;parcialmente_ambos;ambos;capimserra;95;339;354;7.5;6.5;0;2;1;2838.4;45;202;2.4;20.48;29.06;13.94;1.61
18;2023;maodeborracha;5270;296;0.05616;3;2.538;82.6;0.364800759;1922.5;normal;0.25512334;1344.5;boa;boa;0.364402277;1920.4;denso;denso;parcialmente_ambos;ambos;capimserra;95;339;354;8.5;7.5;0;2;1;3452.2;56;216;2.5;21.311;29.65;14.37;1.77
8;2013;newazulzinho;8496;399;0.04696;3;2.392;1330;0.832145716;7069.91;densa;0.003365113;28.59;ruim;ausenteouruim;0.007944915;67.5;denso;denso;parcialmente_capimserra;capimserra;ausente;58;Fi67;292;3;1.5;0;0;0;2035.6;22;205;2.5;21.013;28.93;13.11;-1
9;2014;newazulzinho;8721;380;0.04357;3;2.407;1330;0.836476322;7294.91;densa;0.003278294;28.59;ruim;ausenteouruim;0.007739938;67.5;denso;denso;parcialmente_capimserra;capimserra;ausente;66;313;314;0.5;1;2;0;0;2296.8;38;218;2.5;21.38;28.85;14.66;-0.8
10;2015;newazulzinho;8477;389;0.04588;3;2.38;1580;0.802277929;6800.91;moderada;0.003372655;28.59;ruim;ausenteouruim;0.007962723;67.5;denso;denso;parcialmente_capimserra;capimserra;ausente;68;338;337;0.5;1;1;0;0;3531.8;68;246;2.5;21.427;31.34;14.93;-1
11;2016;newazulzinho;8894;392;0.04407;3;2.406;1580;0.811548235;7217.91;moderada;0.003214527;28.59;ruim;ausenteouruim;0.007589386;67.5;denso;denso;parcialmente_capimserra;capimserra;ausente;68;338;337;1.5;2;0;0;0;1830;30;240;2.5;20.973;30.2;11.62;-0.59
12;2017;newazulzinho;9103;397;0.04361;3;2.407;1715;0.783532901;7132.5;moderada;0.002153136;19.6;ruim;ausenteouruim;0.025914534;235.9;denso;denso;parcialmente_capimserra;capimserra;ausente;68;338;337;2.5;3;0;1;0.5;2471.8;40;223;2.5;21.215;28.14;14.4;0.44
13;2018;newazulzinho;8477;389;0.04588;3;2.393;1715;0.772410051;6547.72;normal;0.002312139;19.6;ruim;ausenteouruim;0.022965672;194.68;denso;denso;parcialmente_capimserra;capimserra;ausente;89;338;NA;3.5;NA;0;1;0.5;2315.8;40;217;2.5;21.238;31.87;13.66;0.42
1;2006;pontal;9347;452;0.04835;3;2.507;3786;0.33596876;3140.3;normal;0.070471809;658.7;ruim;ausenteouruim;0.188509682;1762;pouco denso;ausenteouruim;parcialmente_ambos;ambos;capimserra;15;42;5;1.5;1.5;0;0;0;2340.6;38;202;2.5;20.61;28.01;14.45;-0.17
2;2007;pontal;5437;361;0.06639;3;2.511;1586;0.391594629;2129.1;normal;0.046330697;251.9;ruim;ausenteouruim;0.270369689;1470;pouco denso;ausenteouruim;parcialmente_ambos;ambos;capimserra;15;42;5;2.5;2.5;0;0;0;2925.8;57;201;2.5;21.19;29.13;13.25;-0.67
3;2008;pontal;5193;343;0.06605;2;2.552;1606;0.361274793;1876.1;normal;0.031176584;161.9;ruim;ausenteouruim;0.298286154;1549;pouco denso;ausenteouruim;parcialmente_ambos;ambos;capimserra;15;42;5;3.5;3.5;0;0;0;2908;44;211;2.5;21.06;28.96;14.13;0
4;2009;pontal;5745;336;0.05848;2;2.531;2155;0.326452567;1875.47;moderada;0.029857267;171.53;ruim;ausenteouruim;0.268581375;1543;pouco denso;ausenteouruim;parcialmente_ambos;ambos;capimserra;15;42;5;4.5;4.5;0;2;1;3298;57;229;2.5;21.606;30.02;14.41;1.55
5;2010;pontal;5520;318;0.0576;2;2.531;2415;0.28932971;1597.1;moderada;0.008315217;45.9;ruim;ausenteouruim;0.264855072;1462;pouco denso;ausenteouruim;parcialmente_ambos;ambos;capimserra;15;42;5;5.5;5.5;0;2;1;3460.8;67;222;2.4;20.909;29.56;13.85;1.38
6;2011;pontal;5712;331;0.05794;3;2.552;2197;0.322107843;1839.88;densa;0.035035014;200.12;ruim;ausenteouruim;0.258228291;1475;pouco denso;ausenteouruim;parcialmente_ambos;ambos;capimserra;15;42;5;6.5;6.5;0;1;0.5;2705;32;217;2.4;20.734;28.35;14.16;0.17
7;2012;pontal;5158;303;0.05874;3;2.531;1765;0.343214424;1770.3;densa;0.031155487;160.7;ruim;ausenteouruim;0.283443195;1462;pouco denso;ausenteouruim;parcialmente_ambos;ambos;capimserra;15;42;5;7.5;7.5;0;2;1;2387.3;36;209;2.5;21.004;28.571;13.868;1.14
8;2013;pontal;5158;303;0.05874;3;2.531;1765;0.343214424;1770.3;densa;0.031155487;160.7;ruim;ausenteouruim;0.283443195;1462;pouco denso;ausenteouruim;parcialmente_ambos;ambos;capimserra;15;42;5;8.5;8.5;2;0;0;2035.6;22;205;2.5;21.013;28.93;13.11;-1
9;2014;pontal;3497;405;0.11581;3;2.64;967;0.293766085;1027.3;densa;0.063969116;223.7;ruim;ausenteouruim;0.365742065;1279;pouco denso;ausenteouruim;parcialmente_ambos;ambos;capimserra;64;316;315;0.5;0.5;1;0;0;2296.8;38;218;2.5;21.38;28.85;14.66;-0.8
10;2015;pontal;3914;333;0.08507;3;2.64;1014;0.333903935;1306.9;moderada;0.03962698;155.1;ruim;ausenteouruim;0.36739908;1438;pouco denso;ausenteouruim;parcialmente_ambos;ambos;capimserra;69;339;315;0.5;1.5;1;1;0.5;3531.8;68;246;2.5;21.427;31.34;14.93;0
11;2016;pontal;3914;333;0.08507;3;2.64;1014;0.333903935;1306.9;moderada;0.03962698;155.1;ruim;ausenteouruim;0.36739908;1438;pouco denso;ausenteouruim;parcialmente_ambos;ambos;capimserra;69;339;315;1.5;2.5;0;1;0.5;1830;30;240;2.5;20.973;30.2;11.62;0.41
12;2017;pontal;4822;325;0.06739;3;2.596;1326;0.245956035;1186;moderada;0.027789299;134;ruim;ausenteouruim;0.451265035;2176;pouco denso;ausenteouruim;parcialmente_ambos;ambos;capimserra;69;339;315;2.5;3.5;0;1;0.5;2471.8;40;223;2.5;21.215;28.14;14.4;0.44
13;2018;pontal;4679;312;0.06668;3;2.596;1326;0.247296431;1157.1;normal;0.014084206;65.9;ruim;ausenteouruim;0.455225476;2130;pouco denso;ausenteouruim;parcialmente_ambos;ambos;capimserra;69;339;315;3.5;4.5;0;2;1;2315.8;40;217;2.5;21.238;31.87;13.66;1.42
14;2019;pontal;4679;312;0.06668;3;2.596;1326;0.247296431;1157.1;normal;0.014084206;65.9;ruim;ausenteouruim;0.455225476;2130;pouco denso;ausenteouruim;parcialmente_ambos;ambos;capimserra;69;339;315;4.5;5.5;0;3;1.5;3025;44;205;2.4;21.163;28.71;13.45;1.74
15;2020;pontal;4408;323;0.07327;3;2.596;1168;0.229355717;1011;normal;0.023593466;104;ruim;ausenteouruim;0.48207804;2125;pouco denso;ausenteouruim;parcialmente_ambos;ambos;capimserra;69;339;315;5.5;6.5;0;0;0;2274.2;38;204;2.4;21.097;29.04;13.75;0
16;2021;pontal;6878;363;0.05277;2;2.562;2900;0.199287584;1370.7;normal;0.025050887;172.3;ruim;ausenteouruim;0.354027334;2435;pouco denso;ausenteouruim;parcialmente_ambos;ambos;capimserra;96;263;318;9.5;6;1;0;0;2639.6;38;221;2.4;20.588;29.19;11.93;-0.64
17;2022;pontal;6735;363;0.05389;2;2.562;2831;0.195412027;1316.1;normal;0.025226429;169.9;ruim;ausenteouruim;0.359020045;2418;pouco denso;ausenteouruim;parcialmente_ambos;ambos;capimserra;111;263;410;10.5;0.5;1;1;0.5;2838.4;45;202;2.4;20.48;29.06;13.94;0.61
18;2023;pontal;7341;392;0.05339;2;2.557;3438;0.179144531;1315.1;normal;0.023143986;169.9;ruim;ausenteouruim;0.329382918;2418;pouco denso;ausenteouruim;parcialmente_ambos;ambos;capimserra;*****;263;410;11.5;1.5;1;0;0;3452.2;56;216;2.5;21.311;29.65;14.37;-0.23
1;2006;riozinho;7176;330;0.04598;3;2.461;954;0.503044872;3609.85;normal;0.073460145;527.15;boa;boa;0.290551839;2085;moderado;moderado;ausente;ausente;ausente;11;31;43;1.5;1.5;0;1;0.5;2340.6;38;202;2.5;20.61;28.01;14.45;0.83
2;2007;riozinho;7528;355;0.04715;5;2.469;865;0.53906084;4058.05;normal;0.06906881;519.95;boa;boa;0.276965994;2085;moderado;moderado;ausente;ausente;ausente;11;31;43;2.5;2.5;0;3;1.5;2925.8;57;201;2.5;21.19;29.13;13.25;2.33
3;2008;riozinho;7288;349;0.04788;3;2.461;822;0.531153952;3871.05;normal;0.071343304;519.95;boa;boa;0.284714599;2075;moderado;moderado;ausente;ausente;ausente;11;31;43;3.5;3.5;0;0;0;2908;44;211;2.5;21.06;28.96;14.13;0
4;2009;riozinho;7521;358;0.0476;3;2.459;921;0.514133759;3866.8;moderada;0.250259274;1882.2;boa;boa;0.113149847;851;moderado;moderado;ausente;ausente;ausente;11;31;43;4.5;4.5;0;1;0.5;3298;57;229;2.5;21.606;30.02;14.41;0.55
5;2010;riozinho;7266;349;0.04803;3;2.459;901;0.518861822;3770.05;moderada;0.071559317;519.95;boa;boa;0.285576658;2075;moderado;moderado;ausente;ausente;ausente;11;31;43;5.5;5.5;0;2;1;3460.8;67;222;2.4;20.909;29.56;13.85;1.38
6;2011;riozinho;7398;356;0.04812;3;2.461;903;0.527176264;3900.05;densa;0.070282509;519.95;boa;boa;0.280481211;2075;moderado;moderado;ausente;ausente;ausente;NA;NA;189;NA;1.5;2;1;0.5;2705;32;217;2.4;20.734;28.35;14.16;0.17
7;2012;riozinho;7587;360;0.04744;3;2.459;926;0.500072492;3794.05;densa;0.068531699;519.95;boa;boa;0.309344932;2347;moderado;moderado;ausente;ausente;ausente;51;291;189;0.5;2.5;0;0;0;2387.3;36;209;2.5;21.004;28.571;13.868;-0.86
8;2013;riozinho;8772;387;0.04411;3;2.463;926;0.548683311;4813.05;densa;0.059273826;519.95;boa;boa;0.286479708;2513;moderado;moderado;ausente;ausente;ausente;54;294;189;0.5;3.5;1;1;0.5;2035.6;22;205;2.5;21.013;28.93;13.11;0
9;2014;riozinho;8772;387;0.04411;3;2.463;926;0.548683311;4813.05;densa;0.059273826;519.95;boa;boa;0.286479708;2513;moderado;moderado;ausente;ausente;ausente;54;294;189;1.5;4.5;0;2;1;2296.8;38;218;2.5;21.38;28.85;14.66;1.2
10;2015;riozinho;8130;362;0.04452;3;2.463;723;0.531863469;4324.05;moderada;0.06395449;519.95;boa;boa;0.315252153;2563;moderado;moderado;ausente;ausente;ausente;54;294;189;2.5;5.5;0;1;0.5;3531.8;68;246;2.5;21.427;31.34;14.93;0
11;2016;riozinho;8130;362;0.04452;3;2.463;723;0.531863469;4324.05;moderada;0.06395449;519.95;boa;boa;0.315252153;2563;moderado;moderado;ausente;ausente;ausente;NA;NA;189;NA;6.5;0;1;0.5;1830;30;240;2.5;20.973;30.2;11.62;0.41
12;2017;riozinho;8396;361;0.04299;3;2.463;1060;0.468663649;3934.9;moderada;0.075881372;637.1;boa;boa;0.329204383;2764;moderado;moderado;ausente;ausente;ausente;77;177;189;8;7.5;0;2;1;2471.8;40;223;2.5;21.215;28.14;14.4;1.44
13;2018;riozinho;8443;361;0.04275;3;2.469;1018;0.466528485;3938.9;normal;0.07545896;637.1;boa;boa;0.337439299;2849;moderado;moderado;ausente;ausente;ausente;77;177;189;9;8.5;0;2;1;2315.8;40;217;2.5;21.238;31.87;13.66;1.42
14;2019;riozinho;8443;361;0.04275;3;2.469;1018;0.466528485;3938.9;normal;0.07545896;637.1;boa;boa;0.337439299;2849;moderado;moderado;ausente;ausente;ausente;77;177;189;10;9.5;0;3;1.5;3025;44;205;2.4;21.163;28.71;13.45;1.74
15;2020;riozinho;8443;361;0.04275;3;2.469;1018;0.466528485;3938.9;normal;0.07545896;637.1;boa;boa;0.337439299;2849;moderado;moderado;ausente;ausente;ausente;103;390;189;0.5;10.5;1;0;0;2274.2;38;204;2.4;21.097;29.04;13.75;0
16;2021;riozinho;8311;366;0.04403;3;2.469;554;0.493590422;4102.23;normal;0.091778366;762.77;boa;boa;0.347972566;2892;moderado;moderado;ausente;ausente;ausente;103;390;189;1.5;11.5;0;2;1;2639.6;38;221;2.4;20.588;29.19;11.93;1.36
17;2022;riozinho;8311;366;0.04403;3;2.469;554;0.493590422;4102.23;normal;0.091778366;762.77;boa;boa;0.347972566;2892;moderado;moderado;ausente;ausente;ausente;103;390;189;2.5;12.5;0;0;0;2838.4;45;202;2.4;20.48;29.06;13.94;-0.39
18;2023;riozinho;8209;361;0.04397;3;2.469;554;0.487298087;4000.23;normal;0.092918748;762.77;boa;boa;0.35229626;2892;moderado;moderado;ausente;ausente;ausente;103;390;189;3.5;13.5;0;0;0;3452.2;56;216;2.5;21.311;29.65;14.37;-0.23
1;2006;rosaldo;8338;379;0.04545;2;2.445;1580;0.763810266;6368.65;normal;0.04669585;389.35;boa;boa;0;0;ausente;ausenteouruim;parcialmente_samambaia;samambaia;ausente;1;50;38A;1.5;10.5;0;0;0;2340.6;38;202;2.5;20.61;28.01;14.45;-0.17
2;2007;rosaldo;8585;398;0.04635;2;2.438;1619;0.757396622;6502.25;normal;0.054018637;463.75;boa;boa;0;0;ausente;ausenteouruim;parcialmente_samambaia;samambaia;ausente;4;50;38A;2.5;11.5;0;0;0;2925.8;57;201;2.5;21.19;29.13;13.25;-0.67
3;2008;rosaldo;8223;398;0.0484;3;2.434;1645;0.745394625;6129.38;normal;0.054556731;448.62;boa;boa;0;0;ausente;ausenteouruim;parcialmente_samambaia;samambaia;ausente;20;50;Fi8;3.5;1;0;0;0;2908;44;211;2.5;21.06;28.96;14.13;0
4;2009;rosaldo;8148;398;0.04884;4;2.43;1653;0.739991409;6029.45;moderada;0.057136721;465.55;boa;boa;0;0;ausente;ausenteouruim;parcialmente_samambaia;samambaia;ausente;20;50;Fi8;4.5;2;0;0;0;3298;57;229;2.5;21.606;30.02;14.41;-0.45
5;2010;rosaldo;7613;415;0.05451;2;2.432;1690;0.718304216;5468.45;moderada;0.05970708;454.55;boa;boa;0;0;ausente;ausenteouruim;parcialmente_samambaia;samambaia;ausente;20;50;Fi8;5.5;3;0;1;0.5;3460.8;67;222;2.4;20.909;29.56;13.85;0.38
6;2011;rosaldo;7576;402;0.05306;4;2.434;1589;0.728808078;5521.45;densa;0.061450634;465.55;boa;boa;0;0;ausente;ausenteouruim;parcialmente_samambaia;samambaia;ausente;20;50;Fi8;6.5;4;1;2;1;2705;32;217;2.4;20.734;28.35;14.16;1.17
7;2012;rosaldo;7320;373;0.05095;3;2.441;1383;0.73739071;5397.7;densa;0.073674863;539.3;boa;boa;0;0;ausente;ausenteouruim;parcialmente_samambaia;samambaia;ausente;41;242;Fi8;1.5;5;0;0;0;2387.3;36;209;2.5;21.004;28.571;13.868;-0.86
8;2013;rosaldo;7859;371;0.0472;4;2.432;1383;0.755401451;5936.7;densa;0.068621962;539.3;boa;boa;0;0;ausente;ausenteouruim;parcialmente_samambaia;samambaia;ausente;41;242;Fi8;2.5;6;0;2;1;2035.6;22;205;2.5;21.013;28.93;13.11;1
9;2014;rosaldo;8087;371;0.04587;4;2.441;1383;0.762297515;6164.7;densa;0.066687276;539.3;boa;boa;0;0;ausente;ausenteouruim;parcialmente_samambaia;samambaia;ausente;41;242;Fi8;3.5;7;0;2;1;2296.8;38;218;2.5;21.38;28.85;14.66;1.2
10;2015;rosaldo;8054;355;0.04407;3;2.445;1329;0.771132357;6210.7;moderada;0.063856469;514.3;boa;boa;0;0;ausente;ausenteouruim;parcialmente_samambaia;samambaia;ausente;41;242;Fi8;4.5;8;0;1;0.5;3531.8;68;246;2.5;21.427;31.34;14.93;0
11;2016;rosaldo;8054;355;0.04407;3;2.445;1329;0.771132357;6210.7;moderada;0.063856469;514.3;boa;boa;0;0;ausente;ausenteouruim;parcialmente_samambaia;samambaia;ausente;41;242;Fi8;5.5;9;0;0;0;1830;30;240;2.5;20.973;30.2;11.62;-0.59
12;2017;rosaldo;8083;356;0.04404;3;2.445;1142;0.787504639;6365.4;moderada;0.071211184;575.6;boa;boa;0;0;ausente;ausenteouruim;parcialmente_samambaia;samambaia;ausente;41;242;Fi8;6.5;10;0;0;0;2471.8;40;223;2.5;21.215;28.14;14.4;-0.56
13;2018;rosaldo;7489;344;0.04593;3;2.452;1142;0.770650287;5771.4;normal;0.076859394;575.6;boa;boa;0;0;ausente;ausenteouruim;parcialmente_samambaia;samambaia;ausente;41;242;Fi8;7.5;11;0;0;0;2315.8;40;217;2.5;21.238;31.87;13.66;-0.58
14;2019;rosaldo;8186;362;0.04422;2;2.447;1276;0.767774249;6285;normal;0.076349866;625;boa;boa;0;0;ausente;ausenteouruim;parcialmente_samambaia;samambaia;ausente;41;242;Fi8;8.5;12;0;3;1.5;3025;44;205;2.4;21.163;28.71;13.45;1.74
15;2020;rosaldo;7487;379;0.05062;4;2.438;1311;0.758781889;5681;normal;0.066114599;495;boa;boa;0;0;ausente;ausenteouruim;parcialmente_samambaia;samambaia;ausente;41;242;Fi8;9.5;13;0;0;0;2274.2;38;204;2.4;21.097;29.04;13.75;0
16;2021;rosaldo;7015;378;0.05388;2;2.447;1254;0.76507484;5367;normal;0.05616536;394;boa;boa;0;0;ausente;ausenteouruim;parcialmente_samambaia;samambaia;ausente;92;353;Fi8;5.5;14;1;0;0;2639.6;38;221;2.4;20.588;29.19;11.93;-0.64
17;2022;rosaldo;7015;378;0.05388;2;2.447;1254;0.76507484;5367;normal;0.05616536;394;boa;boa;0;0;ausente;ausenteouruim;parcialmente_samambaia;samambaia;ausente;92;353;Fi8;6.5;15;0;0;0;2838.4;45;202;2.4;20.48;29.06;13.94;-0.39
18;2023;rosaldo;6853;318;0.0464;1;2.468;1157;0.758645849;5199;normal;0.072522983;497;boa;boa;0;0;ausente;ausenteouruim;parcialmente_samambaia;samambaia;ausente;92;353;Fi8;7.5;16;0;0;0;3452.2;56;216;2.5;21.311;29.65;14.37;-0.23
1;2006;rosinha;7284;381;0.0523;1;2.468;337;0.868057386;6322.93;normal;0.083360791;607.2;boa;boa;0.002316035;16.87;denso;denso;parcialmente_samambaia;samambaia;samambaia;1;53;46;1.5;1.5;0;0;0;2340.6;38;202;2.5;20.61;28.01;14.45;-0.17
2;2007;rosinha;8961;490;0.05468;1;2.424;1099;0.80793773;7239.93;normal;0.067537105;605.2;boa;boa;0.001882602;16.87;denso;denso;parcialmente_samambaia;samambaia;capimserra;1;53;46;2.5;2.5;0;0;0;2925.8;57;201;2.5;21.19;29.13;13.25;-0.67
3;2008;rosinha;8769;489;0.05576;1;2.442;1099;0.803732467;7047.93;normal;0.069015851;605.2;boa;boa;0.001923823;16.87;denso;denso;parcialmente_samambaia;samambaia;samambaia;1;53;46;3.5;3.5;0;0;0;2908;44;211;2.5;21.06;28.96;14.13;0
4;2009;rosinha;8986;526;0.05853;2;2.419;1268;0.789665034;7095.93;moderada;0.06734921;605.2;boa;boa;0.001877365;16.87;denso;denso;parcialmente_samambaia;samambaia;samambaia;1;53;46;4.5;4.5;0;0;0;3298;57;229;2.5;21.606;30.02;14.41;-0.45
5;2010;rosinha;8724;492;0.05639;1;2.48;1110;0.801994498;6996.6;moderada;0.069142595;603.2;boa;boa;0.001627694;14.2;denso;denso;parcialmente_samambaia;samambaia;samambaia;1;53;46;5.5;5.5;1;0;0;3460.8;67;222;2.4;20.909;29.56;13.85;-0.62
6;2011;rosinha;7849;417;0.05312;2;2.532;449;0.779580838;6118.93;densa;0.161065104;1264.2;boa;boa;0.002149318;16.87;denso;denso;parcialmente_samambaia;samambaia;samambaia;40;Fi39;194;0.6;1;2;0;0;2705;32;217;2.4;20.734;28.35;14.16;-0.83
7;2012;rosinha;7338;408;0.0556;2;2.531;879.9;0.713104388;5232.76;densa;0.166985555;1225.34;boa;boa;0;0;ausente;ausenteouruim;parcialmente_samambaia;samambaia;samambaia;40;Fi39;194;1.6;2;0;1;0.5;2387.3;36;209;2.5;21.004;28.571;13.868;0.14
8;2013;rosinha;6561;385;0.05868;2;2.531;373.9;0.763770767;5011.1;densa;0.179240969;1176;boa;boa;0;0;ausente;ausenteouruim;parcialmente_samambaia;samambaia;samambaia;40;Fi39;194;2.6;3;1;0;0;2035.6;22;205;2.5;21.013;28.93;13.11;-1
9;2014;rosinha;6561;385;0.05868;2;2.531;373.9;0.763770767;5011.1;densa;0.179240969;1176;boa;boa;0;0;ausente;ausenteouruim;parcialmente_samambaia;samambaia;samambaia;55;Fi39;Fi75;3.6;2;0;0;0;2296.8;38;218;2.5;21.38;28.85;14.66;-0.8
10;2015;rosinha;6702;380;0.05669;2;2.531;373.9;0.768740674;5152.1;moderada;0.175470009;1176;boa;boa;0;0;ausente;ausenteouruim;parcialmente_samambaia;samambaia;samambaia;55;Fi39;Fi75;4.6;3;0;1;0.5;3531.8;68;246;2.5;21.427;31.34;14.93;0
11;2016;rosinha;6702;380;0.05669;2;2.531;373.9;0.768740674;5152.1;moderada;0.175470009;1176;boa;boa;0;0;ausente;ausenteouruim;parcialmente_samambaia;samambaia;samambaia;55;Fi39;Fi75;5.6;4;0;0;0;1830;30;240;2.5;20.973;30.2;11.62;-0.59
12;2017;rosinha;6787;381;0.05613;2;2.531;456;0.793266539;5383.9;moderada;0.139546191;947.1;boa;boa;0;0;ausente;ausenteouruim;parcialmente_samambaia;samambaia;samambaia;55;Fi39;Fi75;6.6;5;0;0;0;2471.8;40;223;2.5;21.215;28.14;14.4;-0.56
13;2018;rosinha;6787;381;0.05613;2;2.531;456;0.793266539;5383.9;normal;0.139546191;947.1;ruim;ausenteouruim;0;0;ausente;ausenteouruim;parcialmente_samambaia;samambaia;samambaia;90;338;337;3;3;2;0;0;2315.8;40;217;2.5;21.238;31.87;13.66;-0.58
14;2019;rosinha;10177;514;0.0505;1;2.453;1471;0.741800138;7549.3;normal;0.0949887;966.7;ruim;ausenteouruim;0.018669549;190;denso;denso;parcialmente_ambos;ambos;samambaia;90;338;337;4;4;0;0;0;3025;44;205;2.4;21.163;28.71;13.45;-1.26
15;2020;rosinha;10464;520;0.04969;2;2.453;1584;0.740280963;7746.3;normal;0.090185398;943.7;ruim;ausenteouruim;0.018157492;190;denso;denso;parcialmente_ambos;ambos;samambaia;90;338;337;5;5;0;0;0;2274.2;38;204;2.4;21.097;29.04;13.75;0
16;2021;rosinha;9408;482;0.05123;1;2.484;1242;0.797181122;7499.88;normal;0.049545068;466.12;ruim;ausenteouruim;0.021258503;200;denso;denso;parcialmente_ambos;ambos;samambaia;106;338;389;6;0.5;0;0;0;2639.6;38;221;2.4;20.588;29.19;11.93;-0.64
17;2022;rosinha;9408;482;0.05123;1;2.484;1242;0.797181122;7499.88;normal;0.049545068;466.12;ruim;ausenteouruim;0.021258503;200;denso;denso;parcialmente_ambos;ambos;samambaia;106;338;389;7;0.5;0;0;0;2838.4;45;202;2.4;20.48;29.06;13.94;-0.39
1;2006;velho;8135;421;0.05175;2;2.419;2307;0.501819299;4082.3;normal;0.214591272;1745.7;boa;boa;0;0;ausente;ausenteouruim;parcialmente_samambaia;samambaia;samambaia_cebolama;6;49;45;1.5;1.5;0;1;0.5;2340.6;38;202;2.5;20.61;28.01;14.45;0.83
2;2007;velho;10162;491;0.04831;4;2.419;2908;0.528616414;5371.8;normal;0.185219445;1882.2;boa;boa;0;0;ausente;ausenteouruim;parcialmente_samambaia;samambaia;samambaia_cebolama;6;49;45;2.5;2.5;1;1;0.5;2925.8;57;201;2.5;21.19;29.13;13.25;0.33
3;2008;velho;8761;544;0.06209;4;2.406;2493;0.403469924;3534.8;normal;0.214838489;1882.2;boa;boa;0.09713503;851;pouco denso;ausenteouruim;parcialmente_samambaia;samambaia;samambaia_cebolama;19;49;38A;3.5;12.5;0;0;0;2908;44;211;2.5;21.06;28.96;14.13;0
4;2009;velho;8637;558;0.0646;3;2.407;2553;0.38529582;3327.8;normal;0.21792289;1882.2;boa;boa;0.101192544;874;pouco denso;ausenteouruim;parcialmente_samambaia;samambaia;samambaia_cebolama;19;49;38A;4.5;13.5;0;2;1;3298;57;229;2.5;21.606;30.02;14.41;1.55
5;2010;velho;8557;528;0.0617;2;2.406;2572;0.377328503;3228.8;normal;0.219960266;1882.2;boa;boa;0.1021386;874;pouco denso;ausenteouruim;parcialmente_samambaia;samambaia;samambaia_cebolama;32;183;38A;1;14.5;1;3;1.5;3460.8;67;222;2.4;20.909;29.56;13.85;2.38
6;2011;velho;8962;538;0.06003;3;2.407;2559;0.406918099;3646.8;densa;0.210020085;1882.2;boa;boa;0.097522874;874;pouco denso;ausenteouruim;parcialmente_samambaia;samambaia;samambaia_cebolama;32;183;38A;2;15.5;0;2;1;2705;32;217;2.4;20.734;28.35;14.16;1.17
7;2012;velho;7968;447;0.05609;3;2.41;2657;0.299924699;2389.8;densa;0.23621988;1882.2;boa;boa;0.130396586;1039;pouco denso;ausenteouruim;parcialmente_samambaia;samambaia;samambaia_cebolama;42;183;268;3;1;1;2;1;2387.3;36;209;2.5;21.004;28.571;13.868;1.14
8;2013;velho;7968;447;0.05609;4;2.41;2657;0.299924699;2389.8;densa;0.23621988;1882.2;boa;boa;0.130396586;1039;pouco denso;ausenteouruim;parcialmente_samambaia;samambaia;samambaia_cebolama;42;183;268;4;2;0;3;1.5;2035.6;22;205;2.5;21.013;28.93;13.11;2
9;2014;velho;4798;356;0.07419;3;2.403;1716;0.239891622;1151;densa;0.185910796;892;boa;boa;0.216548562;1039;pouco denso;ausenteouruim;parcialmente_samambaia;samambaia;samambaia_cebolama;42;183;268;5;3;0;2;1;2296.8;38;218;2.5;21.38;28.85;14.66;1.2
10;2015;velho;4754;324;0.06815;4;2.403;1556;0.266512411;1267;moderada;0.187631468;892;moderada;moderada;0.218552798;1039;pouco denso;ausenteouruim;parcialmente_samambaia;samambaia;samambaia_cebolama;42;183;268;6;4;0;2;1;3531.8;68;246;2.5;21.427;31.34;14.93;1
11;2016;velho;4754;324;0.06815;4;2.403;1556;0.266512411;1267;moderada;0.187631468;892;moderada;moderada;0.218552798;1039;pouco denso;ausenteouruim;parcialmente_samambaia;samambaia;samambaia_cebolama;42;183;268;7;5;0;4;2;1830;30;240;2.5;20.973;30.2;11.62;3.41
12;2017;velho;4849;311;0.06413;4;2.403;1275;0.319241081;1548;moderada;0.191792122;930;moderada;moderada;0.226025985;1096;pouco denso;ausenteouruim;parcialmente_samambaia;samambaia;samambaia_cebolama;78;359;268;0.5;6;1;0;0;2471.8;40;223;2.5;21.215;28.14;14.4;-0.56
13;2018;velho;5617;320;0.05696;3;2.407;1363;0.352679366;1981;normal;0.175360513;985;moderada;moderada;0.229303899;1288;pouco denso;ausenteouruim;parcialmente_samambaia;samambaia;samambaia_cebolama;78;359;268;1.5;7;0;2;1;2315.8;40;217;2.5;21.238;31.87;13.66;1.42
14;2019;velho;5617;320;0.05696;3;2.407;1363;0.352679366;1981;normal;0.175360513;985;ruim;ausenteouruim;0.229303899;1288;pouco denso;ausenteouruim;parcialmente_samambaia;samambaia;samambaia_cebolama;78;359;268;2.5;8;0;2;1;3025;44;205;2.4;21.163;28.71;13.45;0.74
15;2020;velho;5617;320;0.05696;4;2.407;1363;0.352679366;1981;normal;0.175360513;985;ruim;ausenteouruim;0.229303899;1288;pouco denso;ausenteouruim;parcialmente_samambaia;samambaia;samambaia_cebolama;78;359;268;3.5;9;0;0;0;2274.2;38;204;2.4;21.097;29.04;13.75;0
16;2021;velho;4503;279;0.06195;3;2.41;972;0.354874528;1598;normal;0.11014879;496;ruim;ausenteouruim;0.319120586;1437;pouco denso;ausenteouruim;parcialmente_samambaia;samambaia;samambaia_cebolama;78;359;268;4.5;10;0;1;0.5;2639.6;38;221;2.4;20.588;29.19;11.93;0.36
17;2022;velho;4503;279;0.06195;3;2.41;972;0.354874528;1598;normal;0.11014879;496;ruim;ausenteouruim;0.319120586;1437;pouco denso;ausenteouruim;parcialmente_samambaia;samambaia;samambaia_cebolama;78;359;268;5.5;11;0;0;0;2838.4;45;202;2.4;20.48;29.06;13.94;-0.39
18;2023;velho;4826;282;0.05843;3;2.408;1030;0.386033983;1863;normal;0.102776627;496;ruim;ausenteouruim;0.297762122;1437;pouco denso;ausenteouruim;parcialmente_samambaia;samambaia;samambaia_cebolama;78;359;268;6.5;12;1;0;0;3452.2;56;216;2.5;21.311;29.65;14.37;-0.23
4;2009;vermelhinha;4823;279;0.05784;2;2.481;510;0.681484553;3286.8;moderada;0.212772134;1026.2;boa;boa;0;0;ausente;ausenteouruim;parcialmente_samambaia;samambaia;ausente;8C;Fi11;120;2;1;0;0;0;3298;57;229;2.5;21.606;30.02;14.41;-0.45
5;2010;vermelhinha;4930;324;0.06572;2;2.481;458;0.648803245;3198.6;moderada;0.258296146;1273.4;boa;boa;0;0;ausente;ausenteouruim;parcialmente_samambaia;samambaia;ausente;15C;Fi11;Fi17;3;2.8;1;0;0;3460.8;67;222;2.4;20.909;29.56;13.85;-0.62
6;2011;vermelhinha;4996;298;0.05964;2;2.481;431;0.710588471;3550.1;densa;0.203142514;1014.9;boa;boa;0;0;ausente;ausenteouruim;parcialmente_samambaia;samambaia;ausente;15C;Fi11;Fi17;4;3.8;0;NA;NA;2705;32;217;2.4;20.734;28.35;14.16;NA
7;2012;vermelhinha;5058;288;0.05693;2;2.486;851.58;0.586725979;2967.66;densa;0.244911032;1238.76;boa;boa;0;0;ausente;ausenteouruim;parcialmente_samambaia;samambaia;ausente;15C;Fi11;Fi17;5;4.8;0;0;0;2387.3;36;209;2.5;21.004;28.571;13.868;-0.86
8;2013;vermelhinha;5361;306;0.05707;2;2.481;1136.5;0.556937139;2985.74;densa;0.23106883;1238.76;boa;boa;0;0;ausente;ausenteouruim;parcialmente_samambaia;samambaia;ausente;32C;Fi11;303;6;0.5;1;1;0.5;2035.6;22;205;2.5;21.013;28.93;13.11;0
9;2014;vermelhinha;5058;288;0.05693;2;2.486;851.58;0.586725979;2967.66;densa;0.244911032;1238.76;boa;boa;0;0;ausente;ausenteouruim;parcialmente_samambaia;samambaia;ausente;36C;321;303;0.5;1.5;1;0;0;2296.8;38;218;2.5;21.38;28.85;14.66;-0.8
10;2015;vermelhinha;5967;374;0.06267;3;2.508;1094.58;0.600630132;3583.96;moderada;0.215930954;1288.46;boa;boa;0;0;ausente;ausenteouruim;parcialmente_samambaia;samambaia;cebolama;36C;321;303;1.5;2.5;0;0;0;3531.8;68;246;2.5;21.427;31.34;14.93;-1
11;2016;vermelhinha;5990;366;0.0611;3;2.511;1064.58;0.607171953;3636.96;moderada;0.215101836;1288.46;boa;boa;0;0;ausente;ausenteouruim;parcialmente_samambaia;samambaia;cebolama;56C;321;NA;2.5;NA;1;0;0;1830;30;240;2.5;20.973;30.2;11.62;-0.59
12;2017;vermelhinha;5909;368;0.06227;2;2.511;1341.56;0.544332374;3216.46;moderada;0.228630902;1350.98;boa;boa;0;0;ausente;ausenteouruim;parcialmente_samambaia;samambaia;cebolama;56C;321;NA;3.5;NA;0;NA;NA;2471.8;40;223;2.5;21.215;28.14;14.4;NA
13;2018;vermelhinha;5909;368;0.06227;3;2.511;1341.56;0.544332374;3216.46;normal;0.228630902;1350.98;moderada;moderada;0;0;ausente;ausenteouruim;parcialmente_samambaia;samambaia;cebolama;57C;321;329;4.5;4.5;0;0;0;2315.8;40;217;2.5;21.238;31.87;13.66;-0.58
14;2019;vermelhinha;4883;298;0.06102;2;2.505;939.05;0.531630145;2595.95;normal;0.276059799;1348;moderada;moderada;0;0;ausente;ausenteouruim;parcialmente_samambaia;samambaia;ausente;59C;384;329;0.5;5.5;0;2;1;3025;44;205;2.4;21.163;28.71;13.45;0.74
15;2020;vermelhinha;5296;295;0.0557;2;2.503;910.5;0.561858006;2975.6;normal;0.266219789;1409.9;moderada;moderada;0;0;ausente;ausenteouruim;parcialmente_samambaia;samambaia;ausente;60C;384;383;1.5;0.5;1;0;0;2274.2;38;204;2.4;21.097;29.04;13.75;0
16;2021;vermelhinha;5232;297;0.05676;2;2.503;1164.1;0.621922783;3253.9;normal;0.15558104;814;moderada;moderada;0;0;ausente;ausenteouruim;parcialmente_samambaia;samambaia;ausente;61C;NA;383;NA;1.5;1;0;0;2639.6;38;221;2.4;20.588;29.19;11.93;-0.64
17;2022;vermelhinha;6377;365;0.05723;2;2.475;2115.1;0.540677435;3447.9;normal;0.127646229;814;moderada;moderada;0;0;ausente;ausenteouruim;parcialmente_samambaia;samambaia;ausente;92C;398;383;0.5;2.5;0;1;0.5;2838.4;45;202;2.4;20.48;29.06;13.94;0.61
18;2023;vermelhinha;6377;365;0.05723;2;2.475;2115.1;0.540677435;3447.9;normal;0.127646229;814;moderada;moderada;0;0;ausente;ausenteouruim;parcialmente_samambaia;samambaia;ausente;****;397;383;1.5;3.5;0;0;0;3452.2;56;216;2.5;21.311;29.65;14.37;-0.23
4;2009;vitorio;8028;490;0.06103;2;2.451;3764;0.443713254;3562.13;moderada;0.087427753;701.87;boa;boa;0;0;ausente;ausenteouruim;parcialmente_samambaia;samambaia;cebolama;7C;166;65;1;4.5;0;0;0;3298;57;229;2.5;21.606;30.02;14.41;-0.45
5;2010;vitorio;8489;406;0.04782;2;2.389;4133;0.422997997;3590.83;moderada;0.090136647;765.17;boa;boa;0;0;ausente;ausenteouruim;parcialmente_samambaia;samambaia;cebolama;16C;117;65;3.5;5.5;2;0;0;3460.8;67;222;2.4;20.909;29.56;13.85;-0.62
6;2011;vitorio;8535;447;0.05237;2;2.395;4393;0.401714118;3428.63;densa;0.083581722;713.37;boa;boa;0;0;ausente;ausenteouruim;parcialmente_samambaia;samambaia;cebolama;16C;117;65;4.5;6.5;1;NA;NA;2705;32;217;2.4;20.734;28.35;14.16;NA
7;2012;vitorio;8932;442;0.04948;2;2.498;4387;0.377742947;3374;densa;0.131101657;1171;boa;boa;0;0;ausente;ausenteouruim;parcialmente_samambaia;samambaia;cebolama;24C;117;Fi61;4.5;2;0;0;0;2387.3;36;209;2.5;21.004;28.571;13.868;-0.86
8;2013;vitorio;8685;420;0.04835;2;2.411;4171;0.384916523;3343;densa;0.134830167;1171;boa;boa;0;0;ausente;ausenteouruim;parcialmente_samambaia;samambaia;cebolama;24C;117;Fi61;5.5;3;0;1;0.5;2035.6;22;205;2.5;21.013;28.93;13.11;0
9;2014;vitorio;8638;422;0.04885;2;2.426;4076;0.391486455;3381.66;densa;0.136645057;1180.34;boa;boa;0;0;ausente;ausenteouruim;parcialmente_samambaia;samambaia;cebolama;39C;117;Fi84;6.5;1;1;0;0;2296.8;38;218;2.5;21.38;28.85;14.66;-0.8
10;2015;vitorio;7678;373;0.04858;2;2.4;3832;0.349570201;2684;moderada;0.151341495;1162;boa;boa;0;0;ausente;ausenteouruim;parcialmente_samambaia;samambaia;cebolama;47C;342;331;0.5;1;3;0;0;3531.8;68;246;2.5;21.427;31.34;14.93;-1
11;2016;vitorio;7833;369;0.0471;2;2.406;3832;0.361674965;2833;moderada;0.149112728;1168;boa;boa;0;0;ausente;ausenteouruim;parcialmente_samambaia;samambaia;cebolama;47C;342;331;1.5;2;0;0;0;1830;30;240;2.5;20.973;30.2;11.62;-0.59
12;2017;vitorio;7990;370;0.0463;2;2.4;3867;0.373091364;2981;moderada;0.142928661;1142;boa;boa;0;0;ausente;ausenteouruim;parcialmente_samambaia;samambaia;cebolama;47C;342;331;2.5;3;0;NA;NA;2471.8;40;223;2.5;21.215;28.14;14.4;NA
13;2018;vitorio;7990;370;0.0463;2;2.4;3867;0.373091364;2981;normal;0.142928661;1142;moderada;moderada;0;0;ausente;ausenteouruim;parcialmente_samambaia;samambaia;cebolama;47C;342;331;3.5;4;2;0;0;2315.8;40;217;2.5;21.238;31.87;13.66;-0.58
14;2019;vitorio;8842;385;0.04354;2;2.407;3833;0.415743045;3676;normal;0.150757747;1333;moderada;moderada;0;0;ausente;ausenteouruim;parcialmente_samambaia;samambaia;cebolama;73C;402;331;0.5;5;3;0;0;3025;44;205;2.4;21.163;28.71;13.45;-1.26
15;2020;vitorio;9349;443;0.04738;2;2.45;2931;0.493550112;4614.2;normal;0.192940421;1803.8;moderada;moderada;0;0;ausente;ausenteouruim;parcialmente_samambaia;samambaia;cebolama;74C;402;322;1.5;6;1;0;0;2274.2;38;204;2.4;21.097;29.04;13.75;0
16;2021;vitorio;3273;258;0.07882;2;2.612;206.3;0.711249618;2327.92;normal;0.225719523;738.78;moderada;moderada;0;0;ausente;ausenteouruim;parcialmente_samambaia;samambaia;cebolama;74C;402;322;2.5;7;0;0;0;2639.6;38;221;2.4;20.588;29.19;11.93;-0.64
17;2022;vitorio;4557;307;0.06736;2;2.558;710;0.682075927;3108.22;normal;0.162119816;738.78;moderada;moderada;0;0;ausente;ausenteouruim;parcialmente_samambaia;samambaia;cebolama;94C;397;415;0.5;1;0;0;0;2838.4;45;202;2.4;20.48;29.06;13.94;-0.39
18;2023;vitorio;6221;361;0.05802;2;2.497;2278;0.515065102;3204.22;normal;0.118755827;738.78;moderada;moderada;0;0;ausente;ausenteouruim;parcialmente_samambaia;samambaia;cebolama;****;398;415;1.5;2;0;0;0;3452.2;56;216;2.5;21.311;29.65;14.37;-0.23
4;2009;vizinho;7061;397;0.05622;2;2.617;0;0.589987254;4165.9;normal;0.275966577;1948.6;boa;boa;0.134046169;946.5;denso;denso;parcialmente_ambos;ambos;capimserra;13C;169;168;0.5;1;0;0;0;3298;57;229;2.5;21.606;30.02;14.41;-0.45
5;2010;vizinho;6635;366;0.05516;2;2.6;0;0.529299171;3511.9;normal;0.328048229;2176.6;boa;boa;0.1426526;946.5;denso;denso;parcialmente_ambos;ambos;capimserra;14C;172;168;1.5;2;0;0;0;3460.8;67;222;2.4;20.909;29.56;13.85;-0.62
6;2011;vizinho;6779;384;0.05664;2;2.626;0;0.52543148;3561.9;normal;0.334946157;2270.6;boa;boa;0.139622363;946.5;denso;denso;parcialmente_ambos;ambos;capimserra;14C;172;168;2.5;3;0;NA;NA;2705;32;217;2.4;20.734;28.35;14.16;NA
7;2012;vizinho;6810;385;0.05653;2;2.626;13;0.334008811;2274.6;normal;0.367165932;2500.4;boa;boa;0.2969163;2022;denso;denso;parcialmente_ambos;ambos;capimserra;14C;172;168;3.5;4;0;0;0;2387.3;36;209;2.5;21.004;28.571;13.868;-0.86
8;2013;vizinho;6810;385;0.05653;2;2.626;13;0.334008811;2274.6;normal;0.367165932;2500.4;boa;boa;0.2969163;2022;denso;denso;parcialmente_ambos;ambos;capimserra;14C;172;168;4.5;5;0;2;1;2035.6;22;205;2.5;21.013;28.93;13.11;1
9;2014;vizinho;6519;376;0.05767;2;2.628;13;0.303206013;1976.6;normal;0.365608222;2383.4;boa;boa;0.329191594;2146;denso;denso;parcialmente_ambos;ambos;capimserra;14C;172;168;5.5;6;0;0;0;2296.8;38;218;2.5;21.38;28.85;14.66;-0.8
10;2015;vizinho;5598;293;0.05234;1;2.635;0;0.343801358;1924.6;normal;0.294998214;1651.4;boa;boa;0.361200429;2022;denso;denso;parcialmente_ambos;ambos;capimserra;49C;377;344;0.5;1;2;1;0.5;3531.8;68;246;2.5;21.427;31.34;14.93;0
11;2016;vizinho;5833;294;0.0504;2;2.634;0;0.347436996;2026.6;normal;0.283113321;1651.4;boa;boa;0.369449683;2155;denso;denso;parcialmente_ambos;ambos;capimserra;49C;377;344;1.5;2;0;1;0.5;1830;30;240;2.5;20.973;30.2;11.62;0.41
12;2017;vizinho;5833;294;0.0504;2;2.634;0;0.256317504;1495.1;normal;0.31782959;1853.9;boa;boa;0.425852906;2484;denso;denso;parcialmente_ambos;ambos;capimserra;49C;377;344;2.5;3;0;NA;NA;2471.8;40;223;2.5;21.215;28.14;14.4;NA
13;2018;vizinho;5833;294;0.0504;2;2.634;0;0.256317504;1495.1;normal;0.31782959;1853.9;moderada;moderada;0.425852906;2484;denso;denso;parcialmente_ambos;ambos;capimserra;49C;377;344;3.5;4;0;1;0.5;2315.8;40;217;2.5;21.238;31.87;13.66;0.42
14;2019;vizinho;4131;289;0.06995;2;2.63;0;0.308182038;1273.1;normal;0.047373517;195.7;moderada;moderada;0.644444444;2662.2;denso;denso;integralmente_samambaia_parcialmente_capimserra;ambos;capimserra;49C;377;344;4.5;5;0;0;0;3025;44;205;2.4;21.163;28.71;13.45;-1.26
15;2020;vizinho;5953;346;0.05812;2;2.596;143;0.514127331;3060.6;normal;0.037392911;222.6;moderada;moderada;0.424458256;2526.8;denso;denso;integralmente_samambaia_parcialmente_capimserra;ambos;capimserra;49C;377;344;5.5;6;2;0;0;2274.2;38;204;2.4;21.097;29.04;13.75;0
16;2021;vizinho;5895;318;0.05394;1;2.617;0;0.437506361;2579.1;normal;0.038184902;225.1;moderada;moderada;0.524308736;3090.8;denso;denso;integralmente_samambaia_parcialmente_capimserra;ambos;capimserra;65C;396;344;0.5;7;0;2;1;2639.6;38;221;2.4;20.588;29.19;11.93;1.36
17;2022;vizinho;5582;306;0.05481;1;2.61;0;0.447706915;2499.1;normal;0.040326048;225.1;moderada;moderada;0.511967037;2857.8;denso;denso;integralmente_samambaia_parcialmente_capimserra;ambos;capimserra;65C;396;344;1.5;8;0;0;0;2838.4;45;202;2.4;20.48;29.06;13.94;-0.39
18;2023;vizinho;5582;306;0.05481;1;2.61;0;0.447706915;2499.1;normal;0.040326048;225.1;moderada;moderada;0.511967037;2857.8;denso;denso;integralmente_samambaia_parcialmente_capimserra;ambos;capimserra;****;NA;344;NA;9;0;0;0;3452.2;56;216;2.5;21.311;29.65;14.37;-0.23
13;2018;globo;3615;280;0.07746;4;2.482;401;0.883125864;3192.5;normal;0.00594744;21.5;ruim;ausenteouruim;0;0;ausente;ausenteouruim;parcialmente_samambaia;samambaia;ausente;82C;364;363;0.5;1;1;0;0;2315.8;40;217;2.5;21.238;31.87;13.66;-0.58
14;2019;globo;3615;280;0.07746;4;2.482;401;0.883125864;3192.5;normal;0.005947441;21.5;ruim;ausenteouruim;0;0;ausente;ausenteouruim;parcialmente_samambaia;samambaia;ausente;83C;96;265;13;9;2;0;0;3025;44;205;2.4;21.163;28.71;13.45;-1.26
